sku,product_name,products_2025.Brand,products_2025.Category,DateCorrect,selling_price,quantity,discount_amount,total,net
11,Amara body lotion coco butter,Amara,BODY LOTION,45773,269.12,23,0,6189.76,6189.76
11,Amara body lotion coco butter,Amara,BODY LOTION,45765,269.12,10,53.82,2691.2,2637.38
11,Amara body lotion coco butter,Amara,BODY LOTION,45768,269.12,20,107.65,5382.4,5274.75
34,Garnier Pure Active Intensive Spots,Garnier,Face Cream,45767,15105.7056,20,6042.28,302114.11,296071.83
34,Garnier Pure Active Intensive Spots,Garnier,Face Cream,45755,15105.7056,10,0,151057.06,151057.06
34,Garnier Pure Active Intensive Spots,Garnier,Face Cream,45762,15105.7056,1,302.11,15105.71,14803.6
41,L'Oreal Paris Pure Clay Detox Mask,L'Oreal,Face Cream,45752,8007.6656,16,0,128122.65,128122.65
41,L'Oreal Paris Pure Clay Detox Mask,L'Oreal,Face Cream,45758,8007.6656,19,0,152145.65,152145.65
41,L'Oreal Paris Pure Clay Detox Mask,L'Oreal,Face Cream,45754,8007.6656,2,320.31,16015.33,15695.02
3,Angels Natural Locs,Angels,HAIR BRAIDS,45763,740.08,11,162.82,8140.88,7978.06
20,MAYBELLINE FIT ME CONCEALER 30 CAFE,Maybelline,Concealer,45754,1076.48,21,452.12,22606.08,22153.96
20,MAYBELLINE FIT ME CONCEALER 30 CAFE,Maybelline,Concealer,45767,1076.48,13,279.88,13994.24,13714.36
18,MAYBELLINE FIT ME POWDER 340 CAPPUCCINO ,Maybelline,Powder,45758,1255.4448,17,0,21342.56,21342.56
8,Radiant Anti-dandruff,Radiant,HAIR FOOD,45763,107.648,11,0,1184.13,1184.13
8,Radiant Anti-dandruff,Radiant,HAIR FOOD,45770,107.648,16,34.45,1722.37,1687.92
13,Movit Curl Gel,Movit,HAIR GELS,45760,255.664,4,20.45,1022.66,1002.21
9,Amara body lotion milk,Amara,BODY LOTION,45771,154.744,18,55.71,2785.39,2729.68
9,Amara body lotion milk,Amara,BODY LOTION,45762,154.744,7,21.66,1083.21,1061.55
9,Amara body lotion milk,Amara,BODY LOTION,45764,154.744,23,71.18,3559.11,3487.93
28,MAYBELLINE BABY LIPS STRIKE A ROSE (ELECTRO),Maybelline,Lip balm,45759,336.4,24,161.47,8073.6,7912.13
36,L'Oreal Paris Age Perfect Day Cream 50Ml,L'Oreal,Face Cream,45749,10440.5104,10,2088.1,104405.1,102317
36,L'Oreal Paris Age Perfect Day Cream 50Ml,L'Oreal,Face Cream,45757,10440.5104,7,0,73083.57,73083.57
36,L'Oreal Paris Age Perfect Day Cream 50Ml,L'Oreal,Face Cream,45754,10440.5104,3,626.43,31321.53,30695.1
14,Movit Styling Gel,Movit,HAIR GELS,45770,188.384,2,7.54,376.77,369.23
21,MAYBELLINE MASTER CHROME METAL HIGHLIGHTER,Maybelline,Highlighter,45773,1255.4448,24,602.61,30130.68,29528.07
21,MAYBELLINE MASTER CHROME METAL HIGHLIGHTER,Maybelline,Highlighter,45763,1255.4448,15,376.63,18831.67,18455.04
21,MAYBELLINE MASTER CHROME METAL HIGHLIGHTER,Maybelline,Highlighter,45769,1255.4448,21,0,26364.34,26364.34
21,MAYBELLINE MASTER CHROME METAL HIGHLIGHTER,Maybelline,Highlighter,45760,1255.4448,15,376.63,18831.67,18455.04
17,MAYBELLINE FIT ME POWDER 330 TOFFEE ,Maybelline,Powder,45753,1255.4448,16,401.74,20087.12,19685.38
17,MAYBELLINE FIT ME POWDER 330 TOFFEE ,Maybelline,Powder,45748,1255.4448,1,25.11,1255.44,1230.33
26,MAYBELLINE VOLUME EXPRESS MASCARA BLACK,Maybelline,Mascara,45760,1345.6,24,645.89,32294.4,31648.51
22,MAYBELLINE MASTER STROBING STICK NU 200 MEDIUM,Maybelline,Highlighter,45771,1345.6,6,161.47,8073.6,7912.13
33,Garnier oil control complete vanishing cream 40 ml,Garnier,Face Cream,45758,2784.0464,22,1224.98,61249.02,60024.04
38,L'Oreal Paris Age Perfect Night Cream 50Ml,L'Oreal,Face Cream,45751,1391.3504,12,333.92,16696.2,16362.28
38,L'Oreal Paris Age Perfect Night Cream 50Ml,L'Oreal,Face Cream,45763,1391.3504,9,0,12522.15,12522.15
30,MAYBELLINE COLOR SENSATIONAL VIVID HOT LACQUER 70 SO HOT,Maybelline,Lip Gloss,45765,1345.6,15,403.68,20184,19780.32
35,Garnier ven & matte soft smoothing 125 ml,Garnier,Face Cream,45758,454.8128,16,0,7277,7277
27,MAYBELLINE BABY LIPS BALM CHERRY ME,Maybelline,Lip balm,45764,336.4,1,0,336.4,336.4
32,Garnier Micellar Cleansing Water 400 Ml,Garnier,Face Wash,45769,2623.92,3,157.44,7871.76,7714.32
31,Garnier Even & Matte Soft Smoothing Toner 125 Ml,Garnier,Face Wash,45774,1412.88,9,254.32,12715.92,12461.6
40,L'Oreal Paris Revitalift Day Cream 50Ml,L'Oreal,Face Cream,45765,3248.2784,23,1494.21,74710.4,73216.19
34,Garnier Pure Active Intensive Spots,Garnier,Face Cream,45758,15105.7056,4,0,60422.82,60422.82
19,MAYBELLINE FIT ME CONCEALER 05 IVORY,Maybelline,Concealer,45767,1076.48,17,366,18300.16,17934.16
11,Amara body lotion coco butter,Amara,BODY LOTION,45753,269.12,8,43.06,2152.96,2109.9
40,L'Oreal Paris Revitalift Day Cream 50Ml,L'Oreal,Face Cream,45764,3248.2784,10,0,32482.78,32482.78
3,Angels Natural Locs,Angels,HAIR BRAIDS,45753,740.08,13,0,9621.04,9621.04
36,L'Oreal Paris Age Perfect Day Cream 50Ml,L'Oreal,Face Cream,45775,10440.5104,21,0,219250.72,219250.72
25,MAYBELLINE LASH SENSATIONAL MASCARA,Maybelline,Mascara,45776,1076.48,18,0,19376.64,19376.64
2,Darling Fluffy Kinky,Darling,HAIR BRAIDS,45761,470.96,11,0,5180.56,5180.56
4,Tamasha Dread,Angels,HAIR BRAIDS,45775,376.768,15,113.03,5651.52,5538.49
16,MAYBELLINE FIT ME MATTE AND PORELESS FOUNDATION,Maybelline,Foundation,45879,1255.4448,18,0,22598.01,22598.01
41,L'Oreal Paris Pure Clay Detox Mask,L'Oreal,Face Cream,45878,8007.6656,17,2722.61,136130.32,133407.71
28,MAYBELLINE BABY LIPS STRIKE A ROSE (ELECTRO),Maybelline,Lip balm,45881,336.4,10,67.28,3364,3296.72
15,MAYBELLINE DREAM MATTE MOUSSE HAZELNUT,Maybelline,Foundation,45879,1345.6,13,0,17492.8,17492.8
15,MAYBELLINE DREAM MATTE MOUSSE HAZELNUT,Maybelline,Foundation,45871,1345.6,8,0,10764.8,10764.8
13,Movit Curl Gel,Movit,HAIR GELS,45890,255.664,8,40.91,2045.31,2004.4
14,Movit Styling Gel,Movit,HAIR GELS,45875,188.384,12,0,2260.61,2260.61
23,MAYBELLINE CRAYON KHOL COLOSSAL KAJAL SMOKY,Maybelline,Eye Liner,45893,1076.48,9,0,9688.32,9688.32
16,MAYBELLINE FIT ME MATTE AND PORELESS FOUNDATION,Maybelline,Foundation,45876,1255.4448,20,502.18,25108.9,24606.72
37,L'Oreal Paris Age Perfect Eye Cream 15Ml,L'Oreal,Face Cream,45882,1391.3504,15,417.41,20870.26,20452.85
6,Baby Love Anti-dandruffs,Bamsi,HAIR FOOD,45894,349.856,22,153.94,7696.83,7542.89
18,MAYBELLINE FIT ME POWDER 340 CAPPUCCINO ,Maybelline,Powder,45872,1255.4448,7,175.76,8788.11,8612.35
20,MAYBELLINE FIT ME CONCEALER 30 CAFE,Maybelline,Concealer,45897,1076.48,20,0,21529.6,21529.6
16,MAYBELLINE FIT ME MATTE AND PORELESS FOUNDATION,Maybelline,Foundation,45879,1255.4448,20,0,25108.9,25108.9
36,L'Oreal Paris Age Perfect Day Cream 50Ml,L'Oreal,Face Cream,45879,10440.5104,13,0,135726.64,135726.64
15,MAYBELLINE DREAM MATTE MOUSSE HAZELNUT,Maybelline,Foundation,45878,1345.6,1,26.91,1345.6,1318.69
41,L'Oreal Paris Pure Clay Detox Mask,L'Oreal,Face Cream,45896,8007.6656,4,0,32030.66,32030.66
18,MAYBELLINE FIT ME POWDER 340 CAPPUCCINO ,Maybelline,Powder,45892,1255.4448,14,351.52,17576.23,17224.71
38,L'Oreal Paris Age Perfect Night Cream 50Ml,L'Oreal,Face Cream,45879,1391.3504,24,667.85,33392.41,32724.56
15,MAYBELLINE DREAM MATTE MOUSSE HAZELNUT,Maybelline,Foundation,45873,1345.6,12,0,16147.2,16147.2
27,MAYBELLINE BABY LIPS BALM CHERRY ME,Maybelline,Lip balm,45874,336.4,21,141.29,7064.4,6923.11
11,Amara body lotion coco butter,Amara,BODY LOTION,45895,269.12,10,0,2691.2,2691.2
15,MAYBELLINE DREAM MATTE MOUSSE HAZELNUT,Maybelline,Foundation,45885,1345.6,17,0,22875.2,22875.2
36,L'Oreal Paris Age Perfect Day Cream 50Ml,L'Oreal,Face Cream,45891,10440.5104,3,0,31321.53,31321.53
22,MAYBELLINE MASTER STROBING STICK NU 200 MEDIUM,Maybelline,Highlighter,45893,1345.6,18,484.42,24220.8,23736.38
2,Darling Fluffy Kinky,Darling,HAIR BRAIDS,45879,470.96,1,0,470.96,470.96
30,MAYBELLINE COLOR SENSATIONAL VIVID HOT LACQUER 70 SO HOT,Maybelline,Lip Gloss,45890,1345.6,24,645.89,32294.4,31648.51
29,MAYBELLINE COLOR SENSATIONAL VIVID HOT LACQUER 68 SASSY,Maybelline,Lip Gloss,45884,1345.6,14,0,18838.4,18838.4
18,MAYBELLINE FIT ME POWDER 340 CAPPUCCINO ,Maybelline,Powder,45896,1255.4448,12,0,15065.34,15065.34
27,MAYBELLINE BABY LIPS BALM CHERRY ME,Maybelline,Lip balm,45881,336.4,6,0,2018.4,2018.4
18,MAYBELLINE FIT ME POWDER 340 CAPPUCCINO ,Maybelline,Powder,45892,1255.4448,8,200.87,10043.56,9842.69
16,MAYBELLINE FIT ME MATTE AND PORELESS FOUNDATION,Maybelline,Foundation,45897,1255.4448,20,0,25108.9,25108.9
34,Garnier Pure Active Intensive Spots,Garnier,Face Cream,45895,15105.7056,8,0,120845.64,120845.64
37,L'Oreal Paris Age Perfect Eye Cream 15Ml,L'Oreal,Face Cream,45888,1391.3504,4,111.31,5565.4,5454.09
6,Baby Love Anti-dandruffs,Bamsi,HAIR FOOD,45870,349.856,1,0,349.86,349.86
18,MAYBELLINE FIT ME POWDER 340 CAPPUCCINO ,Maybelline,Powder,45900,1255.4448,9,225.98,11299,11073.02
30,MAYBELLINE COLOR SENSATIONAL VIVID HOT LACQUER 70 SO HOT,Maybelline,Lip Gloss,45894,1345.6,15,0,20184,20184
37,L'Oreal Paris Age Perfect Eye Cream 15Ml,L'Oreal,Face Cream,45883,1391.3504,1,27.83,1391.35,1363.52
17,MAYBELLINE FIT ME POWDER 330 TOFFEE ,Maybelline,Powder,45875,1255.4448,15,376.63,18831.67,18455.04
8,Radiant Anti-dandruff,Radiant,HAIR FOOD,45876,107.648,9,19.38,968.83,949.45
31,Garnier Even & Matte Soft Smoothing Toner 125 Ml,Garnier,Face Wash,45884,1412.88,12,0,16954.56,16954.56
34,Garnier Pure Active Intensive Spots,Garnier,Face Cream,45892,15105.7056,13,3927.48,196374.17,192446.69
8,Radiant Anti-dandruff,Radiant,HAIR FOOD,45883,107.648,18,38.75,1937.66,1898.91
3,Angels Natural Locs,Angels,HAIR BRAIDS,45870,740.08,16,236.83,11841.28,11604.45
32,Garnier Micellar Cleansing Water 400 Ml,Garnier,Face Wash,45881,2623.92,15,787.18,39358.8,38571.62
20,MAYBELLINE FIT ME CONCEALER 30 CAFE,Maybelline,Concealer,45891,1076.48,22,473.65,23682.56,23208.91
34,Garnier Pure Active Intensive Spots,Garnier,Face Cream,45880,15105.7056,5,1510.57,75528.53,74017.96
27,MAYBELLINE BABY LIPS BALM CHERRY ME,Maybelline,Lip balm,45880,336.4,1,6.73,336.4,329.67
37,L'Oreal Paris Age Perfect Eye Cream 15Ml,L'Oreal,Face Cream,45889,1391.3504,13,0,18087.56,18087.56
34,Garnier Pure Active Intensive Spots,Garnier,Face Cream,45873,15105.7056,4,0,60422.82,60422.82
2,Darling Fluffy Kinky,Darling,HAIR BRAIDS,45702,470.96,9,0,4238.64,4238.64
9,Amara body lotion milk,Amara,BODY LOTION,45711,154.744,20,61.9,3094.88,3032.98
2,Darling Fluffy Kinky,Darling,HAIR BRAIDS,45712,470.96,16,0,7535.36,7535.36
41,L'Oreal Paris Pure Clay Detox Mask,L'Oreal,Face Cream,45708,8007.6656,4,640.61,32030.66,31390.05
3,Angels Natural Locs,Angels,HAIR BRAIDS,45703,740.08,21,310.83,15541.68,15230.85
29,MAYBELLINE COLOR SENSATIONAL VIVID HOT LACQUER 68 SASSY,Maybelline,Lip Gloss,45704,1345.6,10,0,13456,13456
38,L'Oreal Paris Age Perfect Night Cream 50Ml,L'Oreal,Face Cream,45692,1391.3504,15,417.41,20870.26,20452.85
25,MAYBELLINE LASH SENSATIONAL MASCARA,Maybelline,Mascara,45704,1076.48,3,0,3229.44,3229.44
36,L'Oreal Paris Age Perfect Day Cream 50Ml,L'Oreal,Face Cream,45715,10440.5104,20,0,208810.21,208810.21
20,MAYBELLINE FIT ME CONCEALER 30 CAFE,Maybelline,Concealer,45709,1076.48,6,129.18,6458.88,6329.7
27,MAYBELLINE BABY LIPS BALM CHERRY ME,Maybelline,Lip balm,45698,336.4,7,47.1,2354.8,2307.7
17,MAYBELLINE FIT ME POWDER 330 TOFFEE ,Maybelline,Powder,45714,1255.4448,13,326.42,16320.78,15994.36
20,MAYBELLINE FIT ME CONCEALER 30 CAFE,Maybelline,Concealer,45711,1076.48,3,64.59,3229.44,3164.85
8,Radiant Anti-dandruff,Radiant,HAIR FOOD,45713,107.648,24,0,2583.55,2583.55
19,MAYBELLINE FIT ME CONCEALER 05 IVORY,Maybelline,Concealer,45716,1076.48,6,0,6458.88,6458.88
23,MAYBELLINE CRAYON KHOL COLOSSAL KAJAL SMOKY,Maybelline,Eye Liner,45691,1076.48,24,0,25835.52,25835.52
22,MAYBELLINE MASTER STROBING STICK NU 200 MEDIUM,Maybelline,Highlighter,45692,1345.6,12,322.94,16147.2,15824.26
28,MAYBELLINE BABY LIPS STRIKE A ROSE (ELECTRO),Maybelline,Lip balm,45704,336.4,11,74.01,3700.4,3626.39
22,MAYBELLINE MASTER STROBING STICK NU 200 MEDIUM,Maybelline,Highlighter,45702,1345.6,15,0,20184,20184
31,Garnier Even & Matte Soft Smoothing Toner 125 Ml,Garnier,Face Wash,45699,1412.88,15,0,21193.2,21193.2
2,Darling Fluffy Kinky,Darling,HAIR BRAIDS,45696,470.96,1,9.42,470.96,461.54
36,L'Oreal Paris Age Perfect Day Cream 50Ml,L'Oreal,Face Cream,45709,10440.5104,9,1879.29,93964.59,92085.3
29,MAYBELLINE COLOR SENSATIONAL VIVID HOT LACQUER 68 SASSY,Maybelline,Lip Gloss,45716,1345.6,6,0,8073.6,8073.6
14,Movit Styling Gel,Movit,HAIR GELS,45690,188.384,16,0,3014.14,3014.14
4,Tamasha Dread,Angels,HAIR BRAIDS,45695,376.768,10,75.35,3767.68,3692.33
25,MAYBELLINE LASH SENSATIONAL MASCARA,Maybelline,Mascara,45701,1076.48,24,0,25835.52,25835.52
36,L'Oreal Paris Age Perfect Day Cream 50Ml,L'Oreal,Face Cream,45716,10440.5104,1,0,10440.51,10440.51
16,MAYBELLINE FIT ME MATTE AND PORELESS FOUNDATION,Maybelline,Foundation,45701,1255.4448,11,0,13809.89,13809.89
28,MAYBELLINE BABY LIPS STRIKE A ROSE (ELECTRO),Maybelline,Lip balm,45692,336.4,17,114.38,5718.8,5604.42
4,Tamasha Dread,Angels,HAIR BRAIDS,45699,376.768,21,0,7912.13,7912.13
40,L'Oreal Paris Revitalift Day Cream 50Ml,L'Oreal,Face Cream,45708,3248.2784,13,0,42227.62,42227.62
25,MAYBELLINE LASH SENSATIONAL MASCARA,Maybelline,Mascara,45705,1076.48,18,0,19376.64,19376.64
19,MAYBELLINE FIT ME CONCEALER 05 IVORY,Maybelline,Concealer,45697,1076.48,7,150.71,7535.36,7384.65
3,Angels Natural Locs,Angels,HAIR BRAIDS,45711,740.08,17,0,12581.36,12581.36
27,MAYBELLINE BABY LIPS BALM CHERRY ME,Maybelline,Lip balm,45711,336.4,16,0,5382.4,5382.4
24,MAYBELLINE EYE STUDIO GEL LINER BLACK  BLACK,Maybelline,Eye Liner,45713,807.36,11,177.62,8880.96,8703.34
19,MAYBELLINE FIT ME CONCEALER 05 IVORY,Maybelline,Concealer,45699,1076.48,10,0,10764.8,10764.8
29,MAYBELLINE COLOR SENSATIONAL VIVID HOT LACQUER 68 SASSY,Maybelline,Lip Gloss,45708,1345.6,21,565.15,28257.6,27692.45
10,Amara body lotion men,Amara,BODY LOTION,45692,269.12,21,0,5651.52,5651.52
9,Amara body lotion milk,Amara,BODY LOTION,45708,154.744,8,24.76,1237.95,1213.19
29,MAYBELLINE COLOR SENSATIONAL VIVID HOT LACQUER 68 SASSY,Maybelline,Lip Gloss,45690,1345.6,14,0,18838.4,18838.4
32,Garnier Micellar Cleansing Water 400 Ml,Garnier,Face Wash,45692,2623.92,4,209.91,10495.68,10285.77
11,Amara body lotion coco butter,Amara,BODY LOTION,45696,269.12,9,48.44,2422.08,2373.64
9,Amara body lotion milk,Amara,BODY LOTION,45699,154.744,20,0,3094.88,3094.88
36,L'Oreal Paris Age Perfect Day Cream 50Ml,L'Oreal,Face Cream,45693,10440.5104,12,0,125286.12,125286.12
32,Garnier Micellar Cleansing Water 400 Ml,Garnier,Face Wash,45703,2623.92,14,734.7,36734.88,36000.18
2,Darling Fluffy Kinky,Darling,HAIR BRAIDS,45705,470.96,12,113.03,5651.52,5538.49
34,Garnier Pure Active Intensive Spots,Garnier,Face Cream,45692,15105.7056,4,1208.46,60422.82,59214.36
38,L'Oreal Paris Age Perfect Night Cream 50Ml,L'Oreal,Face Cream,45713,1391.3504,2,55.65,2782.7,2727.05
32,Garnier Micellar Cleansing Water 400 Ml,Garnier,Face Wash,45716,2623.92,2,0,5247.84,5247.84
7,Bamsi Hair fertilizer,Bamsi,HAIR FOOD,45675,67.28,19,25.57,1278.32,1252.75
4,Tamasha Dread,Angels,HAIR BRAIDS,45676,376.768,12,90.42,4521.22,4430.8
31,Garnier Even & Matte Soft Smoothing Toner 125 Ml,Garnier,Face Wash,45661,1412.88,15,0,21193.2,21193.2
18,MAYBELLINE FIT ME POWDER 340 CAPPUCCINO ,Maybelline,Powder,45674,1255.4448,13,326.42,16320.78,15994.36
22,MAYBELLINE MASTER STROBING STICK NU 200 MEDIUM,Maybelline,Highlighter,45670,1345.6,1,0,1345.6,1345.6
6,Baby Love Anti-dandruffs,Bamsi,HAIR FOOD,45672,349.856,14,0,4897.98,4897.98
36,L'Oreal Paris Age Perfect Day Cream 50Ml,L'Oreal,Face Cream,45684,10440.5104,24,5011.44,250572.25,245560.81
41,L'Oreal Paris Pure Clay Detox Mask,L'Oreal,Face Cream,45661,8007.6656,5,0,40038.33,40038.33
38,L'Oreal Paris Age Perfect Night Cream 50Ml,L'Oreal,Face Cream,45666,1391.3504,21,584.37,29218.36,28633.99
40,L'Oreal Paris Revitalift Day Cream 50Ml,L'Oreal,Face Cream,45664,3248.2784,9,584.69,29234.51,28649.82
1,Angels Avis Long,Angels,HAIR BRAIDS,45674,94.192,13,0,1224.5,1224.5
18,MAYBELLINE FIT ME POWDER 340 CAPPUCCINO ,Maybelline,Powder,45687,1255.4448,1,25.11,1255.44,1230.33
18,MAYBELLINE FIT ME POWDER 340 CAPPUCCINO ,Maybelline,Powder,45675,1255.4448,15,0,18831.67,18831.67
23,MAYBELLINE CRAYON KHOL COLOSSAL KAJAL SMOKY,Maybelline,Eye Liner,45666,1076.48,20,0,21529.6,21529.6
1,Angels Avis Long,Angels,HAIR BRAIDS,45665,94.192,24,0,2260.61,2260.61
10,Amara body lotion men,Amara,BODY LOTION,45663,269.12,4,21.53,1076.48,1054.95
6,Baby Love Anti-dandruffs,Bamsi,HAIR FOOD,45660,349.856,19,132.95,6647.26,6514.31
32,Garnier Micellar Cleansing Water 400 Ml,Garnier,Face Wash,45685,2623.92,21,0,55102.32,55102.32
15,MAYBELLINE DREAM MATTE MOUSSE HAZELNUT,Maybelline,Foundation,45683,1345.6,22,0,29603.2,29603.2
40,L'Oreal Paris Revitalift Day Cream 50Ml,L'Oreal,Face Cream,45674,3248.2784,10,0,32482.78,32482.78
15,MAYBELLINE DREAM MATTE MOUSSE HAZELNUT,Maybelline,Foundation,45684,1345.6,23,0,30948.8,30948.8
35,Garnier ven & matte soft smoothing 125 ml,Garnier,Face Cream,45665,454.8128,3,27.29,1364.44,1337.15
1,Angels Avis Long,Angels,HAIR BRAIDS,45672,94.192,10,18.84,941.92,923.08
3,Angels Natural Locs,Angels,HAIR BRAIDS,45661,740.08,9,133.21,6660.72,6527.51
7,Bamsi Hair fertilizer,Bamsi,HAIR FOOD,45660,67.28,2,2.69,134.56,131.87
17,MAYBELLINE FIT ME POWDER 330 TOFFEE ,Maybelline,Powder,45669,1255.4448,1,25.11,1255.44,1230.33
38,L'Oreal Paris Age Perfect Night Cream 50Ml,L'Oreal,Face Cream,45659,1391.3504,20,556.54,27827.01,27270.47
26,MAYBELLINE VOLUME EXPRESS MASCARA BLACK,Maybelline,Mascara,45673,1345.6,18,0,24220.8,24220.8
41,L'Oreal Paris Pure Clay Detox Mask,L'Oreal,Face Cream,45662,8007.6656,20,3203.07,160153.31,156950.24
10,Amara body lotion men,Amara,BODY LOTION,45658,269.12,8,0,2152.96,2152.96
27,MAYBELLINE BABY LIPS BALM CHERRY ME,Maybelline,Lip balm,45680,336.4,20,0,6728,6728
33,Garnier oil control complete vanishing cream 40 ml,Garnier,Face Cream,45675,2784.0464,20,0,55680.93,55680.93
1,Angels Avis Long,Angels,HAIR BRAIDS,45684,94.192,12,22.61,1130.3,1107.69
31,Garnier Even & Matte Soft Smoothing Toner 125 Ml,Garnier,Face Wash,45667,1412.88,19,536.89,26844.72,26307.83
18,MAYBELLINE FIT ME POWDER 340 CAPPUCCINO ,Maybelline,Powder,45670,1255.4448,18,0,22598.01,22598.01
22,MAYBELLINE MASTER STROBING STICK NU 200 MEDIUM,Maybelline,Highlighter,45677,1345.6,23,618.98,30948.8,30329.82
22,MAYBELLINE MASTER STROBING STICK NU 200 MEDIUM,Maybelline,Highlighter,45674,1345.6,17,457.5,22875.2,22417.7
13,Movit Curl Gel,Movit,HAIR GELS,45685,255.664,16,0,4090.62,4090.62
30,MAYBELLINE COLOR SENSATIONAL VIVID HOT LACQUER 70 SO HOT,Maybelline,Lip Gloss,45676,1345.6,10,269.12,13456,13186.88
40,L'Oreal Paris Revitalift Day Cream 50Ml,L'Oreal,Face Cream,45667,3248.2784,14,909.52,45475.9,44566.38
10,Amara body lotion men,Amara,BODY LOTION,45662,269.12,24,129.18,6458.88,6329.7
2,Darling Fluffy Kinky,Darling,HAIR BRAIDS,45687,470.96,12,0,5651.52,5651.52
7,Bamsi Hair fertilizer,Bamsi,HAIR FOOD,45666,67.28,7,9.42,470.96,461.54
1,Angels Avis Long,Angels,HAIR BRAIDS,45682,94.192,25,47.1,2354.8,2307.7
7,Bamsi Hair fertilizer,Bamsi,HAIR FOOD,45685,67.28,16,0,1076.48,1076.48
4,Tamasha Dread,Angels,HAIR BRAIDS,45661,376.768,13,0,4897.98,4897.98
4,Tamasha Dread,Angels,HAIR BRAIDS,45687,376.768,21,158.24,7912.13,7753.89
27,MAYBELLINE BABY LIPS BALM CHERRY ME,Maybelline,Lip balm,45678,336.4,20,134.56,6728,6593.44
26,MAYBELLINE VOLUME EXPRESS MASCARA BLACK,Maybelline,Mascara,45663,1345.6,6,161.47,8073.6,7912.13
16,MAYBELLINE FIT ME MATTE AND PORELESS FOUNDATION,Maybelline,Foundation,45680,1255.4448,3,75.33,3766.33,3691
11,Amara body lotion coco butter,Amara,BODY LOTION,45844,269.12,23,123.8,6189.76,6065.96
4,Tamasha Dread,Angels,HAIR BRAIDS,45866,376.768,9,67.82,3390.91,3323.09
2,Darling Fluffy Kinky,Darling,HAIR BRAIDS,45849,470.96,2,0,941.92,941.92
15,MAYBELLINE DREAM MATTE MOUSSE HAZELNUT,Maybelline,Foundation,45856,1345.6,24,0,32294.4,32294.4
26,MAYBELLINE VOLUME EXPRESS MASCARA BLACK,Maybelline,Mascara,45860,1345.6,25,672.8,33640,32967.2
19,MAYBELLINE FIT ME CONCEALER 05 IVORY,Maybelline,Concealer,45845,1076.48,23,495.18,24759.04,24263.86
26,MAYBELLINE VOLUME EXPRESS MASCARA BLACK,Maybelline,Mascara,45863,1345.6,22,592.06,29603.2,29011.14
20,MAYBELLINE FIT ME CONCEALER 30 CAFE,Maybelline,Concealer,45854,1076.48,18,0,19376.64,19376.64
18,MAYBELLINE FIT ME POWDER 340 CAPPUCCINO ,Maybelline,Powder,45851,1255.4448,11,0,13809.89,13809.89
32,Garnier Micellar Cleansing Water 400 Ml,Garnier,Face Wash,45839,2623.92,21,0,55102.32,55102.32
21,MAYBELLINE MASTER CHROME METAL HIGHLIGHTER,Maybelline,Highlighter,45842,1255.4448,16,0,20087.12,20087.12
32,Garnier Micellar Cleansing Water 400 Ml,Garnier,Face Wash,45857,2623.92,4,209.91,10495.68,10285.77
22,MAYBELLINE MASTER STROBING STICK NU 200 MEDIUM,Maybelline,Highlighter,45854,1345.6,9,242.21,12110.4,11868.19
27,MAYBELLINE BABY LIPS BALM CHERRY ME,Maybelline,Lip balm,45856,336.4,7,47.1,2354.8,2307.7
40,L'Oreal Paris Revitalift Day Cream 50Ml,L'Oreal,Face Cream,45853,3248.2784,5,324.83,16241.39,15916.56
32,Garnier Micellar Cleansing Water 400 Ml,Garnier,Face Wash,45862,2623.92,17,892.13,44606.64,43714.51
17,MAYBELLINE FIT ME POWDER 330 TOFFEE ,Maybelline,Powder,45856,1255.4448,1,25.11,1255.44,1230.33
4,Tamasha Dread,Angels,HAIR BRAIDS,45850,376.768,24,180.85,9042.43,8861.58
31,Garnier Even & Matte Soft Smoothing Toner 125 Ml,Garnier,Face Wash,45847,1412.88,16,0,22606.08,22606.08
33,Garnier oil control complete vanishing cream 40 ml,Garnier,Face Cream,45844,2784.0464,24,1336.34,66817.11,65480.77
37,L'Oreal Paris Age Perfect Eye Cream 15Ml,L'Oreal,Face Cream,45859,1391.3504,18,500.89,25044.31,24543.42
33,Garnier oil control complete vanishing cream 40 ml,Garnier,Face Cream,45843,2784.0464,9,501.13,25056.42,24555.29
23,MAYBELLINE CRAYON KHOL COLOSSAL KAJAL SMOKY,Maybelline,Eye Liner,45853,1076.48,15,0,16147.2,16147.2
32,Garnier Micellar Cleansing Water 400 Ml,Garnier,Face Wash,45859,2623.92,16,0,41982.72,41982.72
37,L'Oreal Paris Age Perfect Eye Cream 15Ml,L'Oreal,Face Cream,45841,1391.3504,4,111.31,5565.4,5454.09
38,L'Oreal Paris Age Perfect Night Cream 50Ml,L'Oreal,Face Cream,45845,1391.3504,20,556.54,27827.01,27270.47
16,MAYBELLINE FIT ME MATTE AND PORELESS FOUNDATION,Maybelline,Foundation,45842,1255.4448,6,150.65,7532.67,7382.02
8,Radiant Anti-dandruff,Radiant,HAIR FOOD,45858,107.648,1,0,107.65,107.65
20,MAYBELLINE FIT ME CONCEALER 30 CAFE,Maybelline,Concealer,45853,1076.48,25,0,26912,26912
33,Garnier oil control complete vanishing cream 40 ml,Garnier,Face Cream,45847,2784.0464,13,723.85,36192.6,35468.75
32,Garnier Micellar Cleansing Water 400 Ml,Garnier,Face Wash,45858,2623.92,7,0,18367.44,18367.44
27,MAYBELLINE BABY LIPS BALM CHERRY ME,Maybelline,Lip balm,45849,336.4,15,100.92,5046,4945.08
21,MAYBELLINE MASTER CHROME METAL HIGHLIGHTER,Maybelline,Highlighter,45851,1255.4448,5,0,6277.22,6277.22
28,MAYBELLINE BABY LIPS STRIKE A ROSE (ELECTRO),Maybelline,Lip balm,45859,336.4,12,80.74,4036.8,3956.06
28,MAYBELLINE BABY LIPS STRIKE A ROSE (ELECTRO),Maybelline,Lip balm,45852,336.4,2,13.46,672.8,659.34
13,Movit Curl Gel,Movit,HAIR GELS,45856,255.664,14,0,3579.3,3579.3
1,Angels Avis Long,Angels,HAIR BRAIDS,45859,94.192,6,0,565.15,565.15
9,Amara body lotion milk,Amara,BODY LOTION,45839,154.744,21,64.99,3249.62,3184.63
22,MAYBELLINE MASTER STROBING STICK NU 200 MEDIUM,Maybelline,Highlighter,45861,1345.6,19,0,25566.4,25566.4
4,Tamasha Dread,Angels,HAIR BRAIDS,45847,376.768,13,97.96,4897.98,4800.02
6,Baby Love Anti-dandruffs,Bamsi,HAIR FOOD,45862,349.856,7,0,2448.99,2448.99
25,MAYBELLINE LASH SENSATIONAL MASCARA,Maybelline,Mascara,45844,1076.48,4,0,4305.92,4305.92
40,L'Oreal Paris Revitalift Day Cream 50Ml,L'Oreal,Face Cream,45854,3248.2784,4,0,12993.11,12993.11
37,L'Oreal Paris Age Perfect Eye Cream 15Ml,L'Oreal,Face Cream,45839,1391.3504,1,27.83,1391.35,1363.52
3,Angels Natural Locs,Angels,HAIR BRAIDS,45849,740.08,24,0,17761.92,17761.92
16,MAYBELLINE FIT ME MATTE AND PORELESS FOUNDATION,Maybelline,Foundation,45864,1255.4448,21,0,26364.34,26364.34
27,MAYBELLINE BABY LIPS BALM CHERRY ME,Maybelline,Lip balm,45856,336.4,2,0,672.8,672.8
20,MAYBELLINE FIT ME CONCEALER 30 CAFE,Maybelline,Concealer,45851,1076.48,7,150.71,7535.36,7384.65
22,MAYBELLINE MASTER STROBING STICK NU 200 MEDIUM,Maybelline,Highlighter,45861,1345.6,21,565.15,28257.6,27692.45
36,L'Oreal Paris Age Perfect Day Cream 50Ml,L'Oreal,Face Cream,45866,10440.5104,1,0,10440.51,10440.51
34,Garnier Pure Active Intensive Spots,Garnier,Face Cream,45810,15105.7056,23,0,347431.23,347431.23
35,Garnier ven & matte soft smoothing 125 ml,Garnier,Face Cream,45830,454.8128,24,0,10915.51,10915.51
14,Movit Styling Gel,Movit,HAIR GELS,45836,188.384,7,26.37,1318.69,1292.32
34,Garnier Pure Active Intensive Spots,Garnier,Face Cream,45826,15105.7056,1,0,15105.71,15105.71
20,MAYBELLINE FIT ME CONCEALER 30 CAFE,Maybelline,Concealer,45811,1076.48,2,0,2152.96,2152.96
22,MAYBELLINE MASTER STROBING STICK NU 200 MEDIUM,Maybelline,Highlighter,45815,1345.6,2,0,2691.2,2691.2
38,L'Oreal Paris Age Perfect Night Cream 50Ml,L'Oreal,Face Cream,45836,1391.3504,22,612.19,30609.71,29997.52
37,L'Oreal Paris Age Perfect Eye Cream 15Ml,L'Oreal,Face Cream,45809,1391.3504,19,0,26435.66,26435.66
33,Garnier oil control complete vanishing cream 40 ml,Garnier,Face Cream,45826,2784.0464,20,0,55680.93,55680.93
32,Garnier Micellar Cleansing Water 400 Ml,Garnier,Face Wash,45835,2623.92,25,0,65598,65598
26,MAYBELLINE VOLUME EXPRESS MASCARA BLACK,Maybelline,Mascara,45831,1345.6,18,484.42,24220.8,23736.38
8,Radiant Anti-dandruff,Radiant,HAIR FOOD,45820,107.648,1,0,107.65,107.65
41,L'Oreal Paris Pure Clay Detox Mask,L'Oreal,Face Cream,45831,8007.6656,6,0,48045.99,48045.99
41,L'Oreal Paris Pure Clay Detox Mask,L'Oreal,Face Cream,45816,8007.6656,19,3042.91,152145.65,149102.74
13,Movit Curl Gel,Movit,HAIR GELS,45835,255.664,10,51.13,2556.64,2505.51
41,L'Oreal Paris Pure Clay Detox Mask,L'Oreal,Face Cream,45829,8007.6656,10,0,80076.66,80076.66
40,L'Oreal Paris Revitalift Day Cream 50Ml,L'Oreal,Face Cream,45815,3248.2784,18,1169.38,58469.01,57299.63
37,L'Oreal Paris Age Perfect Eye Cream 15Ml,L'Oreal,Face Cream,45824,1391.3504,1,27.83,1391.35,1363.52
4,Tamasha Dread,Angels,HAIR BRAIDS,45836,376.768,11,0,4144.45,4144.45
33,Garnier oil control complete vanishing cream 40 ml,Garnier,Face Cream,45818,2784.0464,1,55.68,2784.05,2728.37
8,Radiant Anti-dandruff,Radiant,HAIR FOOD,45814,107.648,23,0,2475.9,2475.9
28,MAYBELLINE BABY LIPS STRIKE A ROSE (ELECTRO),Maybelline,Lip balm,45815,336.4,20,134.56,6728,6593.44
40,L'Oreal Paris Revitalift Day Cream 50Ml,L'Oreal,Face Cream,45815,3248.2784,5,324.83,16241.39,15916.56
31,Garnier Even & Matte Soft Smoothing Toner 125 Ml,Garnier,Face Wash,45810,1412.88,18,0,25431.84,25431.84
16,MAYBELLINE FIT ME MATTE AND PORELESS FOUNDATION,Maybelline,Foundation,45835,1255.4448,25,0,31386.12,31386.12
25,MAYBELLINE LASH SENSATIONAL MASCARA,Maybelline,Mascara,45816,1076.48,18,387.53,19376.64,18989.11
20,MAYBELLINE FIT ME CONCEALER 30 CAFE,Maybelline,Concealer,45832,1076.48,22,0,23682.56,23682.56
16,MAYBELLINE FIT ME MATTE AND PORELESS FOUNDATION,Maybelline,Foundation,45828,1255.4448,18,0,22598.01,22598.01
21,MAYBELLINE MASTER CHROME METAL HIGHLIGHTER,Maybelline,Highlighter,45828,1255.4448,25,627.72,31386.12,30758.4
25,MAYBELLINE LASH SENSATIONAL MASCARA,Maybelline,Mascara,45837,1076.48,20,430.59,21529.6,21099.01
6,Baby Love Anti-dandruffs,Bamsi,HAIR FOOD,45814,349.856,3,20.99,1049.57,1028.58
15,MAYBELLINE DREAM MATTE MOUSSE HAZELNUT,Maybelline,Foundation,45833,1345.6,12,0,16147.2,16147.2
36,L'Oreal Paris Age Perfect Day Cream 50Ml,L'Oreal,Face Cream,45815,10440.5104,19,0,198369.7,198369.7
35,Garnier ven & matte soft smoothing 125 ml,Garnier,Face Cream,45829,454.8128,8,0,3638.5,3638.5
3,Angels Natural Locs,Angels,HAIR BRAIDS,45835,740.08,12,177.62,8880.96,8703.34
18,MAYBELLINE FIT ME POWDER 340 CAPPUCCINO ,Maybelline,Powder,45838,1255.4448,4,0,5021.78,5021.78
34,Garnier Pure Active Intensive Spots,Garnier,Face Cream,45821,15105.7056,9,0,135951.35,135951.35
26,MAYBELLINE VOLUME EXPRESS MASCARA BLACK,Maybelline,Mascara,45825,1345.6,10,0,13456,13456
28,MAYBELLINE BABY LIPS STRIKE A ROSE (ELECTRO),Maybelline,Lip balm,45838,336.4,7,47.1,2354.8,2307.7
6,Baby Love Anti-dandruffs,Bamsi,HAIR FOOD,45816,349.856,7,48.98,2448.99,2400.01
16,MAYBELLINE FIT ME MATTE AND PORELESS FOUNDATION,Maybelline,Foundation,45815,1255.4448,19,0,23853.45,23853.45
37,L'Oreal Paris Age Perfect Eye Cream 15Ml,L'Oreal,Face Cream,45824,1391.3504,12,0,16696.2,16696.2
6,Baby Love Anti-dandruffs,Bamsi,HAIR FOOD,45829,349.856,25,174.93,8746.4,8571.47
20,MAYBELLINE FIT ME CONCEALER 30 CAFE,Maybelline,Concealer,45810,1076.48,10,0,10764.8,10764.8
28,MAYBELLINE BABY LIPS STRIKE A ROSE (ELECTRO),Maybelline,Lip balm,45810,336.4,5,33.64,1682,1648.36
9,Amara body lotion milk,Amara,BODY LOTION,45821,154.744,16,49.52,2475.9,2426.38
19,MAYBELLINE FIT ME CONCEALER 05 IVORY,Maybelline,Concealer,45831,1076.48,15,322.94,16147.2,15824.26
22,MAYBELLINE MASTER STROBING STICK NU 200 MEDIUM,Maybelline,Highlighter,45818,1345.6,13,0,17492.8,17492.8
36,L'Oreal Paris Age Perfect Day Cream 50Ml,L'Oreal,Face Cream,45810,10440.5104,9,1879.29,93964.59,92085.3
3,Angels Natural Locs,Angels,HAIR BRAIDS,45815,740.08,12,0,8880.96,8880.96
37,L'Oreal Paris Age Perfect Eye Cream 15Ml,L'Oreal,Face Cream,45745,1391.3504,6,166.96,8348.1,8181.14
26,MAYBELLINE VOLUME EXPRESS MASCARA BLACK,Maybelline,Mascara,45730,1345.6,15,0,20184,20184
14,Movit Styling Gel,Movit,HAIR GELS,45732,188.384,14,52.75,2637.38,2584.63
13,Movit Curl Gel,Movit,HAIR GELS,45734,255.664,5,0,1278.32,1278.32
35,Garnier ven & matte soft smoothing 125 ml,Garnier,Face Cream,45742,454.8128,10,0,4548.13,4548.13
6,Baby Love Anti-dandruffs,Bamsi,HAIR FOOD,45730,349.856,5,34.99,1749.28,1714.29
29,MAYBELLINE COLOR SENSATIONAL VIVID HOT LACQUER 68 SASSY,Maybelline,Lip Gloss,45732,1345.6,22,0,29603.2,29603.2
26,MAYBELLINE VOLUME EXPRESS MASCARA BLACK,Maybelline,Mascara,45740,1345.6,13,349.86,17492.8,17142.94
27,MAYBELLINE BABY LIPS BALM CHERRY ME,Maybelline,Lip balm,45738,336.4,7,0,2354.8,2354.8
30,MAYBELLINE COLOR SENSATIONAL VIVID HOT LACQUER 70 SO HOT,Maybelline,Lip Gloss,45727,1345.6,14,0,18838.4,18838.4
26,MAYBELLINE VOLUME EXPRESS MASCARA BLACK,Maybelline,Mascara,45729,1345.6,3,0,4036.8,4036.8
40,L'Oreal Paris Revitalift Day Cream 50Ml,L'Oreal,Face Cream,45726,3248.2784,14,0,45475.9,45475.9
22,MAYBELLINE MASTER STROBING STICK NU 200 MEDIUM,Maybelline,Highlighter,45737,1345.6,13,349.86,17492.8,17142.94
4,Tamasha Dread,Angels,HAIR BRAIDS,45724,376.768,22,165.78,8288.9,8123.12
32,Garnier Micellar Cleansing Water 400 Ml,Garnier,Face Wash,45734,2623.92,16,839.65,41982.72,41143.07
3,Angels Natural Locs,Angels,HAIR BRAIDS,45729,740.08,21,0,15541.68,15541.68
34,Garnier Pure Active Intensive Spots,Garnier,Face Cream,45745,15105.7056,23,6948.62,347431.23,340482.61
28,MAYBELLINE BABY LIPS STRIKE A ROSE (ELECTRO),Maybelline,Lip balm,45740,336.4,12,80.74,4036.8,3956.06
13,Movit Curl Gel,Movit,HAIR GELS,45735,255.664,15,76.7,3834.96,3758.26
3,Angels Natural Locs,Angels,HAIR BRAIDS,45729,740.08,5,74.01,3700.4,3626.39
11,Amara body lotion coco butter,Amara,BODY LOTION,45743,269.12,15,0,4036.8,4036.8
38,L'Oreal Paris Age Perfect Night Cream 50Ml,L'Oreal,Face Cream,45742,1391.3504,23,0,32001.06,32001.06
18,MAYBELLINE FIT ME POWDER 340 CAPPUCCINO ,Maybelline,Powder,45724,1255.4448,12,301.31,15065.34,14764.03
16,MAYBELLINE FIT ME MATTE AND PORELESS FOUNDATION,Maybelline,Foundation,45717,1255.4448,6,0,7532.67,7532.67
30,MAYBELLINE COLOR SENSATIONAL VIVID HOT LACQUER 70 SO HOT,Maybelline,Lip Gloss,45747,1345.6,13,349.86,17492.8,17142.94
37,L'Oreal Paris Age Perfect Eye Cream 15Ml,L'Oreal,Face Cream,45745,1391.3504,15,417.41,20870.26,20452.85
11,Amara body lotion coco butter,Amara,BODY LOTION,45746,269.12,6,32.29,1614.72,1582.43
30,MAYBELLINE COLOR SENSATIONAL VIVID HOT LACQUER 70 SO HOT,Maybelline,Lip Gloss,45729,1345.6,2,53.82,2691.2,2637.38
27,MAYBELLINE BABY LIPS BALM CHERRY ME,Maybelline,Lip balm,45745,336.4,23,0,7737.2,7737.2
35,Garnier ven & matte soft smoothing 125 ml,Garnier,Face Cream,45722,454.8128,7,0,3183.69,3183.69
37,L'Oreal Paris Age Perfect Eye Cream 15Ml,L'Oreal,Face Cream,45743,1391.3504,24,667.85,33392.41,32724.56
21,MAYBELLINE MASTER CHROME METAL HIGHLIGHTER,Maybelline,Highlighter,45720,1255.4448,24,0,30130.68,30130.68
3,Angels Natural Locs,Angels,HAIR BRAIDS,45725,740.08,23,340.44,17021.84,16681.4
1,Angels Avis Long,Angels,HAIR BRAIDS,45724,94.192,15,28.26,1412.88,1384.62
11,Amara body lotion coco butter,Amara,BODY LOTION,45742,269.12,24,0,6458.88,6458.88
4,Tamasha Dread,Angels,HAIR BRAIDS,45735,376.768,9,67.82,3390.91,3323.09
28,MAYBELLINE BABY LIPS STRIKE A ROSE (ELECTRO),Maybelline,Lip balm,45722,336.4,15,0,5046,5046
9,Amara body lotion milk,Amara,BODY LOTION,45738,154.744,7,21.66,1083.21,1061.55
6,Baby Love Anti-dandruffs,Bamsi,HAIR FOOD,45722,349.856,17,0,5947.55,5947.55
24,MAYBELLINE EYE STUDIO GEL LINER BLACK  BLACK,Maybelline,Eye Liner,45725,807.36,24,0,19376.64,19376.64
11,Amara body lotion coco butter,Amara,BODY LOTION,45738,269.12,7,37.68,1883.84,1846.16
26,MAYBELLINE VOLUME EXPRESS MASCARA BLACK,Maybelline,Mascara,45743,1345.6,15,0,20184,20184
40,L'Oreal Paris Revitalift Day Cream 50Ml,L'Oreal,Face Cream,45725,3248.2784,20,1299.31,64965.57,63666.26
27,MAYBELLINE BABY LIPS BALM CHERRY ME,Maybelline,Lip balm,45719,336.4,3,20.18,1009.2,989.02
19,MAYBELLINE FIT ME CONCEALER 05 IVORY,Maybelline,Concealer,45741,1076.48,23,0,24759.04,24759.04
36,L'Oreal Paris Age Perfect Day Cream 50Ml,L'Oreal,Face Cream,45726,10440.5104,21,0,219250.72,219250.72
30,MAYBELLINE COLOR SENSATIONAL VIVID HOT LACQUER 70 SO HOT,Maybelline,Lip Gloss,45735,1345.6,20,0,26912,26912
19,MAYBELLINE FIT ME CONCEALER 05 IVORY,Maybelline,Concealer,45730,1076.48,1,21.53,1076.48,1054.95
19,MAYBELLINE FIT ME CONCEALER 05 IVORY,Maybelline,Concealer,45729,1076.48,5,107.65,5382.4,5274.75
34,Garnier Pure Active Intensive Spots,Garnier,Face Cream,45744,15105.7056,1,0,15105.71,15105.71
27,MAYBELLINE BABY LIPS BALM CHERRY ME,Maybelline,Lip balm,45788,336.4,19,127.83,6391.6,6263.77
6,Baby Love Anti-dandruffs,Bamsi,HAIR FOOD,45801,349.856,12,83.97,4198.27,4114.3
35,Garnier ven & matte soft smoothing 125 ml,Garnier,Face Cream,45788,454.8128,14,127.35,6367.38,6240.03
20,MAYBELLINE FIT ME CONCEALER 30 CAFE,Maybelline,Concealer,45783,1076.48,22,0,23682.56,23682.56
19,MAYBELLINE FIT ME CONCEALER 05 IVORY,Maybelline,Concealer,45795,1076.48,15,0,16147.2,16147.2
3,Angels Natural Locs,Angels,HAIR BRAIDS,45781,740.08,2,0,1480.16,1480.16
27,MAYBELLINE BABY LIPS BALM CHERRY ME,Maybelline,Lip balm,45801,336.4,8,53.82,2691.2,2637.38
35,Garnier ven & matte soft smoothing 125 ml,Garnier,Face Cream,45795,454.8128,2,18.19,909.63,891.44
7,Bamsi Hair fertilizer,Bamsi,HAIR FOOD,45794,67.28,4,5.38,269.12,263.74
23,MAYBELLINE CRAYON KHOL COLOSSAL KAJAL SMOKY,Maybelline,Eye Liner,45795,1076.48,18,0,19376.64,19376.64
8,Radiant Anti-dandruff,Radiant,HAIR FOOD,45780,107.648,10,0,1076.48,1076.48
15,MAYBELLINE DREAM MATTE MOUSSE HAZELNUT,Maybelline,Foundation,45798,1345.6,14,376.77,18838.4,18461.63
30,MAYBELLINE COLOR SENSATIONAL VIVID HOT LACQUER 70 SO HOT,Maybelline,Lip Gloss,45784,1345.6,15,403.68,20184,19780.32
16,MAYBELLINE FIT ME MATTE AND PORELESS FOUNDATION,Maybelline,Foundation,45805,1255.4448,9,0,11299,11299
35,Garnier ven & matte soft smoothing 125 ml,Garnier,Face Cream,45799,454.8128,12,0,5457.75,5457.75
28,MAYBELLINE BABY LIPS STRIKE A ROSE (ELECTRO),Maybelline,Lip balm,45805,336.4,1,6.73,336.4,329.67
16,MAYBELLINE FIT ME MATTE AND PORELESS FOUNDATION,Maybelline,Foundation,45779,1255.4448,20,0,25108.9,25108.9
19,MAYBELLINE FIT ME CONCEALER 05 IVORY,Maybelline,Concealer,45793,1076.48,6,0,6458.88,6458.88
27,MAYBELLINE BABY LIPS BALM CHERRY ME,Maybelline,Lip balm,45797,336.4,8,53.82,2691.2,2637.38
23,MAYBELLINE CRAYON KHOL COLOSSAL KAJAL SMOKY,Maybelline,Eye Liner,45803,1076.48,22,473.65,23682.56,23208.91
18,MAYBELLINE FIT ME POWDER 340 CAPPUCCINO ,Maybelline,Powder,45789,1255.4448,12,301.31,15065.34,14764.03
22,MAYBELLINE MASTER STROBING STICK NU 200 MEDIUM,Maybelline,Highlighter,45787,1345.6,2,0,2691.2,2691.2
20,MAYBELLINE FIT ME CONCEALER 30 CAFE,Maybelline,Concealer,45800,1076.48,24,0,25835.52,25835.52
37,L'Oreal Paris Age Perfect Eye Cream 15Ml,L'Oreal,Face Cream,45793,1391.3504,9,250.44,12522.15,12271.71
36,L'Oreal Paris Age Perfect Day Cream 50Ml,L'Oreal,Face Cream,45782,10440.5104,1,0,10440.51,10440.51
13,Movit Curl Gel,Movit,HAIR GELS,45793,255.664,22,112.49,5624.61,5512.12
24,MAYBELLINE EYE STUDIO GEL LINER BLACK  BLACK,Maybelline,Eye Liner,45795,807.36,16,0,12917.76,12917.76
34,Garnier Pure Active Intensive Spots,Garnier,Face Cream,45785,15105.7056,23,0,347431.23,347431.23
19,MAYBELLINE FIT ME CONCEALER 05 IVORY,Maybelline,Concealer,45805,1076.48,23,0,24759.04,24759.04
15,MAYBELLINE DREAM MATTE MOUSSE HAZELNUT,Maybelline,Foundation,45779,1345.6,18,0,24220.8,24220.8
17,MAYBELLINE FIT ME POWDER 330 TOFFEE ,Maybelline,Powder,45803,1255.4448,11,276.2,13809.89,13533.69
36,L'Oreal Paris Age Perfect Day Cream 50Ml,L'Oreal,Face Cream,45780,10440.5104,3,626.43,31321.53,30695.1
23,MAYBELLINE CRAYON KHOL COLOSSAL KAJAL SMOKY,Maybelline,Eye Liner,45802,1076.48,15,0,16147.2,16147.2
36,L'Oreal Paris Age Perfect Day Cream 50Ml,L'Oreal,Face Cream,45808,10440.5104,11,0,114845.61,114845.61
6,Baby Love Anti-dandruffs,Bamsi,HAIR FOOD,45792,349.856,22,153.94,7696.83,7542.89
21,MAYBELLINE MASTER CHROME METAL HIGHLIGHTER,Maybelline,Highlighter,45800,1255.4448,6,150.65,7532.67,7382.02
25,MAYBELLINE LASH SENSATIONAL MASCARA,Maybelline,Mascara,45794,1076.48,16,344.47,17223.68,16879.21
23,MAYBELLINE CRAYON KHOL COLOSSAL KAJAL SMOKY,Maybelline,Eye Liner,45779,1076.48,19,0,20453.12,20453.12
19,MAYBELLINE FIT ME CONCEALER 05 IVORY,Maybelline,Concealer,45792,1076.48,19,0,20453.12,20453.12
3,Angels Natural Locs,Angels,HAIR BRAIDS,45785,740.08,1,0,740.08,740.08
35,Garnier ven & matte soft smoothing 125 ml,Garnier,Face Cream,45788,454.8128,7,63.67,3183.69,3120.02
10,Amara body lotion men,Amara,BODY LOTION,45796,269.12,15,0,4036.8,4036.8
14,Movit Styling Gel,Movit,HAIR GELS,45798,188.384,10,37.68,1883.84,1846.16
9,Amara body lotion milk,Amara,BODY LOTION,45795,154.744,7,21.66,1083.21,1061.55
40,L'Oreal Paris Revitalift Day Cream 50Ml,L'Oreal,Face Cream,45793,3248.2784,17,1104.41,55220.73,54116.32
26,MAYBELLINE VOLUME EXPRESS MASCARA BLACK,Maybelline,Mascara,45784,1345.6,15,403.68,20184,19780.32
13,Movit Curl Gel,Movit,HAIR GELS,45780,255.664,14,71.59,3579.3,3507.71
30,MAYBELLINE COLOR SENSATIONAL VIVID HOT LACQUER 70 SO HOT,Maybelline,Lip Gloss,45786,1345.6,12,0,16147.2,16147.2
4,Tamasha Dread,Angels,HAIR BRAIDS,45806,376.768,14,0,5274.75,5274.75
1,Angels Avis Long,Angels,HAIR BRAIDS,45806,94.192,13,24.49,1224.5,1200.01
24,MAYBELLINE EYE STUDIO GEL LINER BLACK  BLACK,Maybelline,Eye Liner,45911,807.36,17,274.5,13725.12,13450.62
27,MAYBELLINE BABY LIPS BALM CHERRY ME,Maybelline,Lip balm,45913,336.4,8,0,2691.2,2691.2
31,Garnier Even & Matte Soft Smoothing Toner 125 Ml,Garnier,Face Wash,45910,1412.88,13,0,18367.44,18367.44
29,MAYBELLINE COLOR SENSATIONAL VIVID HOT LACQUER 68 SASSY,Maybelline,Lip Gloss,45908,1345.6,8,0,10764.8,10764.8
8,Radiant Anti-dandruff,Radiant,HAIR FOOD,45918,107.648,12,25.84,1291.78,1265.94
1,Angels Avis Long,Angels,HAIR BRAIDS,45916,94.192,21,39.56,1978.03,1938.47
19,MAYBELLINE FIT ME CONCEALER 05 IVORY,Maybelline,Concealer,45915,1076.48,24,0,25835.52,25835.52
7,Bamsi Hair fertilizer,Bamsi,HAIR FOOD,45925,67.28,4,0,269.12,269.12
26,MAYBELLINE VOLUME EXPRESS MASCARA BLACK,Maybelline,Mascara,45906,1345.6,17,457.5,22875.2,22417.7
18,MAYBELLINE FIT ME POWDER 340 CAPPUCCINO ,Maybelline,Powder,45929,1255.4448,7,0,8788.11,8788.11
10,Amara body lotion men,Amara,BODY LOTION,45914,269.12,24,129.18,6458.88,6329.7
38,L'Oreal Paris Age Perfect Night Cream 50Ml,L'Oreal,Face Cream,45929,1391.3504,14,389.58,19478.91,19089.33
20,MAYBELLINE FIT ME CONCEALER 30 CAFE,Maybelline,Concealer,45925,1076.48,24,0,25835.52,25835.52
4,Tamasha Dread,Angels,HAIR BRAIDS,45907,376.768,21,0,7912.13,7912.13
27,MAYBELLINE BABY LIPS BALM CHERRY ME,Maybelline,Lip balm,45915,336.4,25,0,8410,8410
14,Movit Styling Gel,Movit,HAIR GELS,45928,188.384,11,0,2072.22,2072.22
17,MAYBELLINE FIT ME POWDER 330 TOFFEE ,Maybelline,Powder,45923,1255.4448,17,0,21342.56,21342.56
19,MAYBELLINE FIT ME CONCEALER 05 IVORY,Maybelline,Concealer,45930,1076.48,4,86.12,4305.92,4219.8
37,L'Oreal Paris Age Perfect Eye Cream 15Ml,L'Oreal,Face Cream,45918,1391.3504,23,640.02,32001.06,31361.04
14,Movit Styling Gel,Movit,HAIR GELS,45906,188.384,5,18.84,941.92,923.08
16,MAYBELLINE FIT ME MATTE AND PORELESS FOUNDATION,Maybelline,Foundation,45904,1255.4448,22,552.4,27619.79,27067.39
23,MAYBELLINE CRAYON KHOL COLOSSAL KAJAL SMOKY,Maybelline,Eye Liner,45918,1076.48,12,0,12917.76,12917.76
33,Garnier oil control complete vanishing cream 40 ml,Garnier,Face Cream,45915,2784.0464,4,0,11136.19,11136.19
10,Amara body lotion men,Amara,BODY LOTION,45915,269.12,21,0,5651.52,5651.52
4,Tamasha Dread,Angels,HAIR BRAIDS,45902,376.768,10,75.35,3767.68,3692.33
40,L'Oreal Paris Revitalift Day Cream 50Ml,L'Oreal,Face Cream,45918,3248.2784,13,0,42227.62,42227.62
36,L'Oreal Paris Age Perfect Day Cream 50Ml,L'Oreal,Face Cream,45928,10440.5104,16,0,167048.17,167048.17
11,Amara body lotion coco butter,Amara,BODY LOTION,45902,269.12,15,0,4036.8,4036.8
21,MAYBELLINE MASTER CHROME METAL HIGHLIGHTER,Maybelline,Highlighter,45907,1255.4448,9,225.98,11299,11073.02
16,MAYBELLINE FIT ME MATTE AND PORELESS FOUNDATION,Maybelline,Foundation,45912,1255.4448,4,0,5021.78,5021.78
16,MAYBELLINE FIT ME MATTE AND PORELESS FOUNDATION,Maybelline,Foundation,45908,1255.4448,3,0,3766.33,3766.33
37,L'Oreal Paris Age Perfect Eye Cream 15Ml,L'Oreal,Face Cream,45911,1391.3504,21,0,29218.36,29218.36
1,Angels Avis Long,Angels,HAIR BRAIDS,45910,94.192,12,22.61,1130.3,1107.69
37,L'Oreal Paris Age Perfect Eye Cream 15Ml,L'Oreal,Face Cream,45923,1391.3504,1,0,1391.35,1391.35
33,Garnier oil control complete vanishing cream 40 ml,Garnier,Face Cream,45919,2784.0464,5,278.4,13920.23,13641.83
16,MAYBELLINE FIT ME MATTE AND PORELESS FOUNDATION,Maybelline,Foundation,45902,1255.4448,18,451.96,22598.01,22146.05
27,MAYBELLINE BABY LIPS BALM CHERRY ME,Maybelline,Lip balm,45910,336.4,4,0,1345.6,1345.6
26,MAYBELLINE VOLUME EXPRESS MASCARA BLACK,Maybelline,Mascara,45904,1345.6,3,80.74,4036.8,3956.06
23,MAYBELLINE CRAYON KHOL COLOSSAL KAJAL SMOKY,Maybelline,Eye Liner,45907,1076.48,21,0,22606.08,22606.08
8,Radiant Anti-dandruff,Radiant,HAIR FOOD,45904,107.648,18,0,1937.66,1937.66
19,MAYBELLINE FIT ME CONCEALER 05 IVORY,Maybelline,Concealer,45920,1076.48,7,150.71,7535.36,7384.65
13,Movit Curl Gel,Movit,HAIR GELS,45906,255.664,22,112.49,5624.61,5512.12
35,Garnier ven & matte soft smoothing 125 ml,Garnier,Face Cream,45928,454.8128,15,136.44,6822.19,6685.75
23,MAYBELLINE CRAYON KHOL COLOSSAL KAJAL SMOKY,Maybelline,Eye Liner,45908,1076.48,5,0,5382.4,5382.4
23,MAYBELLINE CRAYON KHOL COLOSSAL KAJAL SMOKY,Maybelline,Eye Liner,45915,1076.48,15,0,16147.2,16147.2
36,L'Oreal Paris Age Perfect Day Cream 50Ml,L'Oreal,Face Cream,45914,10440.5104,12,2505.72,125286.12,122780.4
34,Garnier Pure Active Intensive Spots,Garnier,Face Cream,45915,15105.7056,3,0,45317.12,45317.12
3,Angels Natural Locs,Angels,HAIR BRAIDS,45918,740.08,3,0,2220.24,2220.24
18,MAYBELLINE FIT ME POWDER 340 CAPPUCCINO ,Maybelline,Powder,45913,1255.4448,24,0,30130.68,30130.68
1,Angels Avis Long,Angels,HAIR BRAIDS,45926,94.192,3,5.65,282.58,276.93
41,L'Oreal Paris Pure Clay Detox Mask,L'Oreal,Face Cream,,6903.16,11,1518.7,75934.76,74416.06
23,MAYBELLINE CRAYON KHOL COLOSSAL KAJAL SMOKY,Maybelline,Eye Liner,,928,18,334.08,16704,16369.92
1,Angels Avis Long,Angels,HAIR BRAIDS,,81.2,2,3.25,162.4,159.15
2,Darling Fluffy Kinky,Darling,HAIR BRAIDS,,406,16,0,6496,6496
27,MAYBELLINE BABY LIPS BALM CHERRY ME,Maybelline,Lip balm,,290,17,0,4930,4930
3,Angels Natural Locs,Angels,HAIR BRAIDS,,638,14,178.64,8932,8753.36
40,L'Oreal Paris Revitalift Day Cream 50Ml,L'Oreal,Face Cream,,2800.24,3,0,8400.72,8400.72
14,Movit Styling Gel,Movit,HAIR GELS,,162.4,9,29.23,1461.6,1432.37
26,MAYBELLINE VOLUME EXPRESS MASCARA BLACK,Maybelline,Mascara,,1160,7,0,8120,8120
31,Garnier Even & Matte Soft Smoothing Toner 125 Ml,Garnier,Face Wash,,1218,5,0,6090,6090
38,L'Oreal Paris Age Perfect Night Cream 50Ml,L'Oreal,Face Cream,,1199.44,13,311.85,15592.72,15280.87
22,MAYBELLINE MASTER STROBING STICK NU 200 MEDIUM,Maybelline,Highlighter,,1160,23,0,26680,26680
4,Tamasha Dread,Angels,HAIR BRAIDS,,324.8,13,0,4222.4,4222.4
16,MAYBELLINE FIT ME MATTE AND PORELESS FOUNDATION,Maybelline,Foundation,,1082.28,8,0,8658.24,8658.24
11,Amara body lotion coco butter,Amara,BODY LOTION,,232,11,0,2552,2552
22,MAYBELLINE MASTER STROBING STICK NU 200 MEDIUM,Maybelline,Highlighter,,1160,1,0,1160,1160
4,Tamasha Dread,Angels,HAIR BRAIDS,,324.8,13,0,4222.4,4222.4
25,MAYBELLINE LASH SENSATIONAL MASCARA,Maybelline,Mascara,45395,928,3,0,2784,2784
19,MAYBELLINE FIT ME CONCEALER 05 IVORY,Maybelline,Concealer,45395,928,16,296.96,14848,14551.04
21,MAYBELLINE MASTER CHROME METAL HIGHLIGHTER,Maybelline,Highlighter,45395,1082.28,23,497.85,24892.44,24394.59
14,Movit Styling Gel,Movit,HAIR GELS,45395,162.4,10,0,1624,1624
28,MAYBELLINE BABY LIPS STRIKE A ROSE (ELECTRO),Maybelline,Lip balm,45395,290,11,63.8,3190,3126.2
40,L'Oreal Paris Revitalift Day Cream 50Ml,L'Oreal,Face Cream,45396,2800.24,15,0,42003.6,42003.6
28,MAYBELLINE BABY LIPS STRIKE A ROSE (ELECTRO),Maybelline,Lip balm,45397,290,2,11.6,580,568.4
2,Darling Fluffy Kinky,Darling,HAIR BRAIDS,45397,406,2,16.24,812,795.76
33,Garnier oil control complete vanishing cream 40 ml,Garnier,Face Cream,45397,2400.04,6,288,14400.24,14112.24
8,Radiant Anti-dandruff,Radiant,HAIR FOOD,45398,92.8,3,0,278.4,278.4
36,L'Oreal Paris Age Perfect Day Cream 50Ml,L'Oreal,Face Cream,45399,9000.44,15,0,135006.6,135006.6
11,Amara body lotion coco butter,Amara,BODY LOTION,45399,232,9,41.76,2088,2046.24
22,MAYBELLINE MASTER STROBING STICK NU 200 MEDIUM,Maybelline,Highlighter,45400,1160,14,324.8,16240,15915.2
6,Baby Love Anti-dandruffs,Bamsi,HAIR FOOD,45400,301.6,13,0,3920.8,3920.8
21,MAYBELLINE MASTER CHROME METAL HIGHLIGHTER,Maybelline,Highlighter,45400,1082.28,8,173.16,8658.24,8485.08
19,MAYBELLINE FIT ME CONCEALER 05 IVORY,Maybelline,Concealer,45401,928,15,0,13920,13920
41,L'Oreal Paris Pure Clay Detox Mask,L'Oreal,Face Cream,45401,6903.16,3,414.19,20709.48,20295.29
11,Amara body lotion coco butter,Amara,BODY LOTION,45401,232,17,0,3944,3944
40,L'Oreal Paris Revitalift Day Cream 50Ml,L'Oreal,Face Cream,45402,2800.24,15,840.07,42003.6,41163.53
9,Amara body lotion milk,Amara,BODY LOTION,45403,133.4,1,0,133.4,133.4
10,Amara body lotion men,Amara,BODY LOTION,45403,232,9,0,2088,2088
23,MAYBELLINE CRAYON KHOL COLOSSAL KAJAL SMOKY,Maybelline,Eye Liner,45405,928,7,129.92,6496,6366.08
4,Tamasha Dread,Angels,HAIR BRAIDS,45406,324.8,21,0,6820.8,6820.8
11,Amara body lotion coco butter,Amara,BODY LOTION,45407,232,24,111.36,5568,5456.64
27,MAYBELLINE BABY LIPS BALM CHERRY ME,Maybelline,Lip balm,45407,290,17,0,4930,4930
33,Garnier oil control complete vanishing cream 40 ml,Garnier,Face Cream,45408,2400.04,25,0,60001,60001
6,Baby Love Anti-dandruffs,Bamsi,HAIR FOOD,45408,301.6,13,78.42,3920.8,3842.38
10,Amara body lotion men,Amara,BODY LOTION,45411,232,17,78.88,3944,3865.12
17,MAYBELLINE FIT ME POWDER 330 TOFFEE ,Maybelline,Powder,45411,1082.28,18,389.62,19481.04,19091.42
20,MAYBELLINE FIT ME CONCEALER 30 CAFE,Maybelline,Concealer,45412,928,4,74.24,3712,3637.76
25,MAYBELLINE LASH SENSATIONAL MASCARA,Maybelline,Mascara,45412,928,18,334.08,16704,16369.92
23,MAYBELLINE CRAYON KHOL COLOSSAL KAJAL SMOKY,Maybelline,Eye Liner,45412,928,6,0,5568,5568
9,Amara body lotion milk,Amara,BODY LOTION,45412,133.4,21,0,2801.4,2801.4
32,Garnier Micellar Cleansing Water 400 Ml,Garnier,Face Wash,45512,2262,8,361.92,18096,17734.08
24,MAYBELLINE EYE STUDIO GEL LINER BLACK  BLACK,Maybelline,Eye Liner,45534,696,16,222.72,11136,10913.28
25,MAYBELLINE LASH SENSATIONAL MASCARA,Maybelline,Mascara,45522,928,8,148.48,7424,7275.52
24,MAYBELLINE EYE STUDIO GEL LINER BLACK  BLACK,Maybelline,Eye Liner,45526,696,15,0,10440,10440
24,MAYBELLINE EYE STUDIO GEL LINER BLACK  BLACK,Maybelline,Eye Liner,45513,696,21,292.32,14616,14323.68
14,Movit Styling Gel,Movit,HAIR GELS,45533,162.4,3,9.74,487.2,477.46
2,Darling Fluffy Kinky,Darling,HAIR BRAIDS,45529,406,12,97.44,4872,4774.56
28,MAYBELLINE BABY LIPS STRIKE A ROSE (ELECTRO),Maybelline,Lip balm,45512,290,16,92.8,4640,4547.2
8,Radiant Anti-dandruff,Radiant,HAIR FOOD,45512,92.8,18,33.41,1670.4,1636.99
16,MAYBELLINE FIT ME MATTE AND PORELESS FOUNDATION,Maybelline,Foundation,45529,1082.28,5,0,5411.4,5411.4
37,L'Oreal Paris Age Perfect Eye Cream 15Ml,L'Oreal,Face Cream,45509,1199.44,8,0,9595.52,9595.52
3,Angels Natural Locs,Angels,HAIR BRAIDS,45513,638,20,0,12760,12760
25,MAYBELLINE LASH SENSATIONAL MASCARA,Maybelline,Mascara,45512,928,13,241.28,12064,11822.72
6,Baby Love Anti-dandruffs,Bamsi,HAIR FOOD,45528,301.6,7,0,2111.2,2111.2
8,Radiant Anti-dandruff,Radiant,HAIR FOOD,45535,92.8,20,37.12,1856,1818.88
13,Movit Curl Gel,Movit,HAIR GELS,45512,220.4,5,0,1102,1102
25,MAYBELLINE LASH SENSATIONAL MASCARA,Maybelline,Mascara,45520,928,16,296.96,14848,14551.04
34,Garnier Pure Active Intensive Spots,Garnier,Face Cream,45516,13022.16,12,0,156265.92,156265.92
25,MAYBELLINE LASH SENSATIONAL MASCARA,Maybelline,Mascara,45529,928,17,315.52,15776,15460.48
17,MAYBELLINE FIT ME POWDER 330 TOFFEE ,Maybelline,Powder,45519,1082.28,19,0,20563.32,20563.32
31,Garnier Even & Matte Soft Smoothing Toner 125 Ml,Garnier,Face Wash,45512,1218,18,438.48,21924,21485.52
31,Garnier Even & Matte Soft Smoothing Toner 125 Ml,Garnier,Face Wash,45516,1218,13,316.68,15834,15517.32
15,MAYBELLINE DREAM MATTE MOUSSE HAZELNUT,Maybelline,Foundation,45516,1160,19,0,22040,22040
6,Baby Love Anti-dandruffs,Bamsi,HAIR FOOD,45506,301.6,9,0,2714.4,2714.4
20,MAYBELLINE FIT ME CONCEALER 30 CAFE,Maybelline,Concealer,45530,928,12,222.72,11136,10913.28
38,L'Oreal Paris Age Perfect Night Cream 50Ml,L'Oreal,Face Cream,45527,1199.44,17,0,20390.48,20390.48
10,Amara body lotion men,Amara,BODY LOTION,45514,232,23,106.72,5336,5229.28
23,MAYBELLINE CRAYON KHOL COLOSSAL KAJAL SMOKY,Maybelline,Eye Liner,45534,928,16,296.96,14848,14551.04
35,Garnier ven & matte soft smoothing 125 ml,Garnier,Face Cream,45505,392.08,7,0,2744.56,2744.56
22,MAYBELLINE MASTER STROBING STICK NU 200 MEDIUM,Maybelline,Highlighter,45509,1160,17,394.4,19720,19325.6
3,Angels Natural Locs,Angels,HAIR BRAIDS,45516,638,3,38.28,1914,1875.72
34,Garnier Pure Active Intensive Spots,Garnier,Face Cream,45530,13022.16,1,260.44,13022.16,12761.72
4,Tamasha Dread,Angels,HAIR BRAIDS,45505,324.8,18,0,5846.4,5846.4
31,Garnier Even & Matte Soft Smoothing Toner 125 Ml,Garnier,Face Wash,45532,1218,20,0,24360,24360
20,MAYBELLINE FIT ME CONCEALER 30 CAFE,Maybelline,Concealer,45525,928,23,0,21344,21344
23,MAYBELLINE CRAYON KHOL COLOSSAL KAJAL SMOKY,Maybelline,Eye Liner,45515,928,10,0,9280,9280
20,MAYBELLINE FIT ME CONCEALER 30 CAFE,Maybelline,Concealer,45512,928,22,0,20416,20416
26,MAYBELLINE VOLUME EXPRESS MASCARA BLACK,Maybelline,Mascara,45518,1160,1,0,1160,1160
26,MAYBELLINE VOLUME EXPRESS MASCARA BLACK,Maybelline,Mascara,45522,1160,20,0,23200,23200
21,MAYBELLINE MASTER CHROME METAL HIGHLIGHTER,Maybelline,Highlighter,45534,1082.28,3,64.94,3246.84,3181.9
20,MAYBELLINE FIT ME CONCEALER 30 CAFE,Maybelline,Concealer,45511,928,12,0,11136,11136
13,Movit Curl Gel,Movit,HAIR GELS,45528,220.4,16,70.53,3526.4,3455.87
21,MAYBELLINE MASTER CHROME METAL HIGHLIGHTER,Maybelline,Highlighter,45532,1082.28,20,432.91,21645.6,21212.69
28,MAYBELLINE BABY LIPS STRIKE A ROSE (ELECTRO),Maybelline,Lip balm,45514,290,1,5.8,290,284.2
23,MAYBELLINE CRAYON KHOL COLOSSAL KAJAL SMOKY,Maybelline,Eye Liner,45525,928,19,0,17632,17632
37,L'Oreal Paris Age Perfect Eye Cream 15Ml,L'Oreal,Face Cream,45507,1199.44,9,215.9,10794.96,10579.06
36,L'Oreal Paris Age Perfect Day Cream 50Ml,L'Oreal,Face Cream,45519,9000.44,6,1080.05,54002.64,52922.59
28,MAYBELLINE BABY LIPS STRIKE A ROSE (ELECTRO),Maybelline,Lip balm,45510,290,12,0,3480,3480
34,Garnier Pure Active Intensive Spots,Garnier,Face Cream,45511,13022.16,7,0,91155.12,91155.12
37,L'Oreal Paris Age Perfect Eye Cream 15Ml,L'Oreal,Face Cream,45529,1199.44,15,359.83,17991.6,17631.77
23,MAYBELLINE CRAYON KHOL COLOSSAL KAJAL SMOKY,Maybelline,Eye Liner,45635,928,22,0,20416,20416
22,MAYBELLINE MASTER STROBING STICK NU 200 MEDIUM,Maybelline,Highlighter,45651,1160,9,208.8,10440,10231.2
7,Bamsi Hair fertilizer,Bamsi,HAIR FOOD,45646,58,13,0,754,754
30,MAYBELLINE COLOR SENSATIONAL VIVID HOT LACQUER 70 SO HOT,Maybelline,Lip Gloss,45637,1160,20,0,23200,23200
13,Movit Curl Gel,Movit,HAIR GELS,45640,220.4,17,0,3746.8,3746.8
27,MAYBELLINE BABY LIPS BALM CHERRY ME,Maybelline,Lip balm,45653,290,14,0,4060,4060
38,L'Oreal Paris Age Perfect Night Cream 50Ml,L'Oreal,Face Cream,45635,1199.44,2,47.98,2398.88,2350.9
3,Angels Natural Locs,Angels,HAIR BRAIDS,45653,638,2,0,1276,1276
19,MAYBELLINE FIT ME CONCEALER 05 IVORY,Maybelline,Concealer,45655,928,21,389.76,19488,19098.24
22,MAYBELLINE MASTER STROBING STICK NU 200 MEDIUM,Maybelline,Highlighter,45636,1160,21,0,24360,24360
23,MAYBELLINE CRAYON KHOL COLOSSAL KAJAL SMOKY,Maybelline,Eye Liner,45647,928,1,0,928,928
1,Angels Avis Long,Angels,HAIR BRAIDS,45632,81.2,14,0,1136.8,1136.8
14,Movit Styling Gel,Movit,HAIR GELS,45643,162.4,23,74.7,3735.2,3660.5
28,MAYBELLINE BABY LIPS STRIKE A ROSE (ELECTRO),Maybelline,Lip balm,45632,290,9,52.2,2610,2557.8
32,Garnier Micellar Cleansing Water 400 Ml,Garnier,Face Wash,45630,2262,12,0,27144,27144
4,Tamasha Dread,Angels,HAIR BRAIDS,45629,324.8,19,123.42,6171.2,6047.78
22,MAYBELLINE MASTER STROBING STICK NU 200 MEDIUM,Maybelline,Highlighter,45653,1160,21,0,24360,24360
34,Garnier Pure Active Intensive Spots,Garnier,Face Cream,45631,13022.16,20,0,260443.2,260443.2
25,MAYBELLINE LASH SENSATIONAL MASCARA,Maybelline,Mascara,45637,928,19,352.64,17632,17279.36
19,MAYBELLINE FIT ME CONCEALER 05 IVORY,Maybelline,Concealer,45637,928,15,278.4,13920,13641.6
40,L'Oreal Paris Revitalift Day Cream 50Ml,L'Oreal,Face Cream,45632,2800.24,20,0,56004.8,56004.8
21,MAYBELLINE MASTER CHROME METAL HIGHLIGHTER,Maybelline,Highlighter,45649,1082.28,3,0,3246.84,3246.84
32,Garnier Micellar Cleansing Water 400 Ml,Garnier,Face Wash,45652,2262,19,859.56,42978,42118.44
9,Amara body lotion milk,Amara,BODY LOTION,45655,133.4,6,16.01,800.4,784.39
25,MAYBELLINE LASH SENSATIONAL MASCARA,Maybelline,Mascara,45655,928,5,0,4640,4640
17,MAYBELLINE FIT ME POWDER 330 TOFFEE ,Maybelline,Powder,45648,1082.28,11,0,11905.08,11905.08
26,MAYBELLINE VOLUME EXPRESS MASCARA BLACK,Maybelline,Mascara,45629,1160,25,0,29000,29000
27,MAYBELLINE BABY LIPS BALM CHERRY ME,Maybelline,Lip balm,45636,290,7,0,2030,2030
31,Garnier Even & Matte Soft Smoothing Toner 125 Ml,Garnier,Face Wash,45642,1218,3,73.08,3654,3580.92
19,MAYBELLINE FIT ME CONCEALER 05 IVORY,Maybelline,Concealer,45646,928,16,0,14848,14848
33,Garnier oil control complete vanishing cream 40 ml,Garnier,Face Cream,45640,2400.04,25,1200.02,60001,58800.98
34,Garnier Pure Active Intensive Spots,Garnier,Face Cream,45637,13022.16,4,1041.77,52088.64,51046.87
18,MAYBELLINE FIT ME POWDER 340 CAPPUCCINO ,Maybelline,Powder,45648,1082.28,10,0,10822.8,10822.8
4,Tamasha Dread,Angels,HAIR BRAIDS,45642,324.8,13,0,4222.4,4222.4
35,Garnier ven & matte soft smoothing 125 ml,Garnier,Face Cream,45644,392.08,25,196.04,9802,9605.96
40,L'Oreal Paris Revitalift Day Cream 50Ml,L'Oreal,Face Cream,45648,2800.24,6,0,16801.44,16801.44
7,Bamsi Hair fertilizer,Bamsi,HAIR FOOD,45631,58,16,0,928,928
34,Garnier Pure Active Intensive Spots,Garnier,Face Cream,45641,13022.16,8,2083.55,104177.28,102093.73
1,Angels Avis Long,Angels,HAIR BRAIDS,45633,81.2,5,8.12,406,397.88
6,Baby Love Anti-dandruffs,Bamsi,HAIR FOOD,45634,301.6,7,0,2111.2,2111.2
35,Garnier ven & matte soft smoothing 125 ml,Garnier,Face Cream,45644,392.08,22,0,8625.76,8625.76
19,MAYBELLINE FIT ME CONCEALER 05 IVORY,Maybelline,Concealer,45628,928,19,352.64,17632,17279.36
36,L'Oreal Paris Age Perfect Day Cream 50Ml,L'Oreal,Face Cream,45629,9000.44,3,0,27001.32,27001.32
33,Garnier oil control complete vanishing cream 40 ml,Garnier,Face Cream,45632,2400.04,20,0,48000.8,48000.8
2,Darling Fluffy Kinky,Darling,HAIR BRAIDS,45652,406,11,89.32,4466,4376.68
32,Garnier Micellar Cleansing Water 400 Ml,Garnier,Face Wash,45654,2262,14,0,31668,31668
29,MAYBELLINE COLOR SENSATIONAL VIVID HOT LACQUER 68 SASSY,Maybelline,Lip Gloss,45646,1160,4,0,4640,4640
22,MAYBELLINE MASTER STROBING STICK NU 200 MEDIUM,Maybelline,Highlighter,45654,1160,19,440.8,22040,21599.2
16,MAYBELLINE FIT ME MATTE AND PORELESS FOUNDATION,Maybelline,Foundation,45656,1082.28,23,497.85,24892.44,24394.59
11,Amara body lotion coco butter,Amara,BODY LOTION,45631,232,16,0,3712,3712
37,L'Oreal Paris Age Perfect Eye Cream 15Ml,L'Oreal,Face Cream,45324,1199.44,16,0,19191.04,19191.04
40,L'Oreal Paris Revitalift Day Cream 50Ml,L'Oreal,Face Cream,45346,2800.24,16,0,44803.84,44803.84
31,Garnier Even & Matte Soft Smoothing Toner 125 Ml,Garnier,Face Wash,45325,1218,25,609,30450,29841
24,MAYBELLINE EYE STUDIO GEL LINER BLACK  BLACK,Maybelline,Eye Liner,45336,696,9,125.28,6264,6138.72
19,MAYBELLINE FIT ME CONCEALER 05 IVORY,Maybelline,Concealer,45350,928,24,0,22272,22272
9,Amara body lotion milk,Amara,BODY LOTION,45334,133.4,17,45.36,2267.8,2222.44
18,MAYBELLINE FIT ME POWDER 340 CAPPUCCINO ,Maybelline,Powder,45344,1082.28,11,0,11905.08,11905.08
15,MAYBELLINE DREAM MATTE MOUSSE HAZELNUT,Maybelline,Foundation,45338,1160,24,0,27840,27840
31,Garnier Even & Matte Soft Smoothing Toner 125 Ml,Garnier,Face Wash,45331,1218,17,414.12,20706,20291.88
19,MAYBELLINE FIT ME CONCEALER 05 IVORY,Maybelline,Concealer,45348,928,7,0,6496,6496
13,Movit Curl Gel,Movit,HAIR GELS,45348,220.4,9,39.67,1983.6,1943.93
30,MAYBELLINE COLOR SENSATIONAL VIVID HOT LACQUER 70 SO HOT,Maybelline,Lip Gloss,45341,1160,11,0,12760,12760
1,Angels Avis Long,Angels,HAIR BRAIDS,45337,81.2,15,24.36,1218,1193.64
13,Movit Curl Gel,Movit,HAIR GELS,45333,220.4,4,0,881.6,881.6
30,MAYBELLINE COLOR SENSATIONAL VIVID HOT LACQUER 70 SO HOT,Maybelline,Lip Gloss,45344,1160,6,0,6960,6960
27,MAYBELLINE BABY LIPS BALM CHERRY ME,Maybelline,Lip balm,45342,290,1,5.8,290,284.2
6,Baby Love Anti-dandruffs,Bamsi,HAIR FOOD,45349,301.6,2,12.06,603.2,591.14
7,Bamsi Hair fertilizer,Bamsi,HAIR FOOD,45342,58,14,0,812,812
38,L'Oreal Paris Age Perfect Night Cream 50Ml,L'Oreal,Face Cream,45325,1199.44,23,0,27587.12,27587.12
25,MAYBELLINE LASH SENSATIONAL MASCARA,Maybelline,Mascara,45328,928,1,18.56,928,909.44
40,L'Oreal Paris Revitalift Day Cream 50Ml,L'Oreal,Face Cream,45326,2800.24,25,1400.12,70006,68605.88
10,Amara body lotion men,Amara,BODY LOTION,45332,232,14,64.96,3248,3183.04
20,MAYBELLINE FIT ME CONCEALER 30 CAFE,Maybelline,Concealer,45327,928,8,0,7424,7424
8,Radiant Anti-dandruff,Radiant,HAIR FOOD,45335,92.8,18,0,1670.4,1670.4
37,L'Oreal Paris Age Perfect Eye Cream 15Ml,L'Oreal,Face Cream,45338,1199.44,4,95.96,4797.76,4701.8
40,L'Oreal Paris Revitalift Day Cream 50Ml,L'Oreal,Face Cream,45334,2800.24,22,0,61605.28,61605.28
35,Garnier ven & matte soft smoothing 125 ml,Garnier,Face Cream,45344,392.08,14,109.78,5489.12,5379.34
25,MAYBELLINE LASH SENSATIONAL MASCARA,Maybelline,Mascara,45345,928,15,278.4,13920,13641.6
30,MAYBELLINE COLOR SENSATIONAL VIVID HOT LACQUER 70 SO HOT,Maybelline,Lip Gloss,45349,1160,4,0,4640,4640
37,L'Oreal Paris Age Perfect Eye Cream 15Ml,L'Oreal,Face Cream,45325,1199.44,22,0,26387.68,26387.68
23,MAYBELLINE CRAYON KHOL COLOSSAL KAJAL SMOKY,Maybelline,Eye Liner,45348,928,25,0,23200,23200
24,MAYBELLINE EYE STUDIO GEL LINER BLACK  BLACK,Maybelline,Eye Liner,45348,696,4,55.68,2784,2728.32
9,Amara body lotion milk,Amara,BODY LOTION,45351,133.4,9,24.01,1200.6,1176.59
13,Movit Curl Gel,Movit,HAIR GELS,45350,220.4,9,39.67,1983.6,1943.93
29,MAYBELLINE COLOR SENSATIONAL VIVID HOT LACQUER 68 SASSY,Maybelline,Lip Gloss,45326,1160,20,0,23200,23200
13,Movit Curl Gel,Movit,HAIR GELS,45332,220.4,5,22.04,1102,1079.96
28,MAYBELLINE BABY LIPS STRIKE A ROSE (ELECTRO),Maybelline,Lip balm,45328,290,9,0,2610,2610
35,Garnier ven & matte soft smoothing 125 ml,Garnier,Face Cream,45335,392.08,25,196.04,9802,9605.96
33,Garnier oil control complete vanishing cream 40 ml,Garnier,Face Cream,45340,2400.04,25,0,60001,60001
31,Garnier Even & Matte Soft Smoothing Toner 125 Ml,Garnier,Face Wash,45332,1218,22,0,26796,26796
19,MAYBELLINE FIT ME CONCEALER 05 IVORY,Maybelline,Concealer,45324,928,24,0,22272,22272
28,MAYBELLINE BABY LIPS STRIKE A ROSE (ELECTRO),Maybelline,Lip balm,45329,290,13,75.4,3770,3694.6
41,L'Oreal Paris Pure Clay Detox Mask,L'Oreal,Face Cream,45342,6903.16,24,3313.52,165675.84,162362.32
3,Angels Natural Locs,Angels,HAIR BRAIDS,45332,638,11,0,7018,7018
2,Darling Fluffy Kinky,Darling,HAIR BRAIDS,45346,406,25,0,10150,10150
31,Garnier Even & Matte Soft Smoothing Toner 125 Ml,Garnier,Face Wash,45340,1218,14,0,17052,17052
17,MAYBELLINE FIT ME POWDER 330 TOFFEE ,Maybelline,Powder,45334,1082.28,1,21.65,1082.28,1060.63
4,Tamasha Dread,Angels,HAIR BRAIDS,45329,324.8,11,71.46,3572.8,3501.34
13,Movit Curl Gel,Movit,HAIR GELS,45328,220.4,16,70.53,3526.4,3455.87
18,MAYBELLINE FIT ME POWDER 340 CAPPUCCINO ,Maybelline,Powder,45349,1082.28,24,519.49,25974.72,25455.23
18,MAYBELLINE FIT ME POWDER 340 CAPPUCCINO ,Maybelline,Powder,45314,1082.28,2,0,2164.56,2164.56
17,MAYBELLINE FIT ME POWDER 330 TOFFEE ,Maybelline,Powder,45321,1082.28,25,0,27057,27057
31,Garnier Even & Matte Soft Smoothing Toner 125 Ml,Garnier,Face Wash,45309,1218,8,0,9744,9744
7,Bamsi Hair fertilizer,Bamsi,HAIR FOOD,45306,58,17,0,986,986
35,Garnier ven & matte soft smoothing 125 ml,Garnier,Face Cream,45308,392.08,19,0,7449.52,7449.52
6,Baby Love Anti-dandruffs,Bamsi,HAIR FOOD,45310,301.6,7,42.22,2111.2,2068.98
31,Garnier Even & Matte Soft Smoothing Toner 125 Ml,Garnier,Face Wash,45306,1218,22,535.92,26796,26260.08
14,Movit Styling Gel,Movit,HAIR GELS,45308,162.4,24,0,3897.6,3897.6
30,MAYBELLINE COLOR SENSATIONAL VIVID HOT LACQUER 70 SO HOT,Maybelline,Lip Gloss,45300,1160,16,0,18560,18560
15,MAYBELLINE DREAM MATTE MOUSSE HAZELNUT,Maybelline,Foundation,45306,1160,15,0,17400,17400
24,MAYBELLINE EYE STUDIO GEL LINER BLACK  BLACK,Maybelline,Eye Liner,45298,696,4,55.68,2784,2728.32
7,Bamsi Hair fertilizer,Bamsi,HAIR FOOD,45297,58,22,25.52,1276,1250.48
19,MAYBELLINE FIT ME CONCEALER 05 IVORY,Maybelline,Concealer,45318,928,15,0,13920,13920
17,MAYBELLINE FIT ME POWDER 330 TOFFEE ,Maybelline,Powder,45310,1082.28,18,0,19481.04,19481.04
15,MAYBELLINE DREAM MATTE MOUSSE HAZELNUT,Maybelline,Foundation,45311,1160,5,116,5800,5684
16,MAYBELLINE FIT ME MATTE AND PORELESS FOUNDATION,Maybelline,Foundation,45317,1082.28,17,367.98,18398.76,18030.78
22,MAYBELLINE MASTER STROBING STICK NU 200 MEDIUM,Maybelline,Highlighter,45313,1160,13,0,15080,15080
30,MAYBELLINE COLOR SENSATIONAL VIVID HOT LACQUER 70 SO HOT,Maybelline,Lip Gloss,45315,1160,25,0,29000,29000
38,L'Oreal Paris Age Perfect Night Cream 50Ml,L'Oreal,Face Cream,45312,1199.44,15,359.83,17991.6,17631.77
11,Amara body lotion coco butter,Amara,BODY LOTION,45317,232,25,116,5800,5684
6,Baby Love Anti-dandruffs,Bamsi,HAIR FOOD,45313,301.6,19,0,5730.4,5730.4
31,Garnier Even & Matte Soft Smoothing Toner 125 Ml,Garnier,Face Wash,45321,1218,14,0,17052,17052
13,Movit Curl Gel,Movit,HAIR GELS,45314,220.4,17,0,3746.8,3746.8
32,Garnier Micellar Cleansing Water 400 Ml,Garnier,Face Wash,45310,2262,2,90.48,4524,4433.52
36,L'Oreal Paris Age Perfect Day Cream 50Ml,L'Oreal,Face Cream,45296,9000.44,3,540.03,27001.32,26461.29
32,Garnier Micellar Cleansing Water 400 Ml,Garnier,Face Wash,45307,2262,11,497.64,24882,24384.36
14,Movit Styling Gel,Movit,HAIR GELS,45298,162.4,19,0,3085.6,3085.6
4,Tamasha Dread,Angels,HAIR BRAIDS,45306,324.8,20,129.92,6496,6366.08
23,MAYBELLINE CRAYON KHOL COLOSSAL KAJAL SMOKY,Maybelline,Eye Liner,45316,928,21,0,19488,19488
14,Movit Styling Gel,Movit,HAIR GELS,45306,162.4,14,0,2273.6,2273.6
2,Darling Fluffy Kinky,Darling,HAIR BRAIDS,45318,406,22,0,8932,8932
18,MAYBELLINE FIT ME POWDER 340 CAPPUCCINO ,Maybelline,Powder,45308,1082.28,8,0,8658.24,8658.24
36,L'Oreal Paris Age Perfect Day Cream 50Ml,L'Oreal,Face Cream,45307,9000.44,8,1440.07,72003.52,70563.45
8,Radiant Anti-dandruff,Radiant,HAIR FOOD,45317,92.8,20,0,1856,1856
24,MAYBELLINE EYE STUDIO GEL LINER BLACK  BLACK,Maybelline,Eye Liner,45299,696,25,0,17400,17400
27,MAYBELLINE BABY LIPS BALM CHERRY ME,Maybelline,Lip balm,45309,290,16,0,4640,4640
20,MAYBELLINE FIT ME CONCEALER 30 CAFE,Maybelline,Concealer,45319,928,20,0,18560,18560
35,Garnier ven & matte soft smoothing 125 ml,Garnier,Face Cream,45295,392.08,14,0,5489.12,5489.12
15,MAYBELLINE DREAM MATTE MOUSSE HAZELNUT,Maybelline,Foundation,45315,1160,3,69.6,3480,3410.4
8,Radiant Anti-dandruff,Radiant,HAIR FOOD,45301,92.8,15,0,1392,1392
19,MAYBELLINE FIT ME CONCEALER 05 IVORY,Maybelline,Concealer,45300,928,8,148.48,7424,7275.52
36,L'Oreal Paris Age Perfect Day Cream 50Ml,L'Oreal,Face Cream,45319,9000.44,5,900.04,45002.2,44102.16
16,MAYBELLINE FIT ME MATTE AND PORELESS FOUNDATION,Maybelline,Foundation,45301,1082.28,5,0,5411.4,5411.4
14,Movit Styling Gel,Movit,HAIR GELS,45295,162.4,1,3.25,162.4,159.15
21,MAYBELLINE MASTER CHROME METAL HIGHLIGHTER,Maybelline,Highlighter,45299,1082.28,21,0,22727.88,22727.88
28,MAYBELLINE BABY LIPS STRIKE A ROSE (ELECTRO),Maybelline,Lip balm,45322,290,10,58,2900,2842
7,Bamsi Hair fertilizer,Bamsi,HAIR FOOD,45305,58,25,0,1450,1450
38,L'Oreal Paris Age Perfect Night Cream 50Ml,L'Oreal,Face Cream,45305,1199.44,6,0,7196.64,7196.64
4,Tamasha Dread,Angels,HAIR BRAIDS,45317,324.8,23,0,7470.4,7470.4
21,MAYBELLINE MASTER CHROME METAL HIGHLIGHTER,Maybelline,Highlighter,45303,1082.28,17,0,18398.76,18398.76
27,MAYBELLINE BABY LIPS BALM CHERRY ME,Maybelline,Lip balm,45504,290,8,46.4,2320,2273.6
19,MAYBELLINE FIT ME CONCEALER 05 IVORY,Maybelline,Concealer,45478,928,13,241.28,12064,11822.72
10,Amara body lotion men,Amara,BODY LOTION,45493,232,14,64.96,3248,3183.04
23,MAYBELLINE CRAYON KHOL COLOSSAL KAJAL SMOKY,Maybelline,Eye Liner,45498,928,25,464,23200,22736
8,Radiant Anti-dandruff,Radiant,HAIR FOOD,45486,92.8,9,16.7,835.2,818.5
33,Garnier oil control complete vanishing cream 40 ml,Garnier,Face Cream,45501,2400.04,24,0,57600.96,57600.96
18,MAYBELLINE FIT ME POWDER 340 CAPPUCCINO ,Maybelline,Powder,45477,1082.28,18,389.62,19481.04,19091.42
6,Baby Love Anti-dandruffs,Bamsi,HAIR FOOD,45490,301.6,4,0,1206.4,1206.4
19,MAYBELLINE FIT ME CONCEALER 05 IVORY,Maybelline,Concealer,45474,928,14,259.84,12992,12732.16
38,L'Oreal Paris Age Perfect Night Cream 50Ml,L'Oreal,Face Cream,45485,1199.44,22,0,26387.68,26387.68
26,MAYBELLINE VOLUME EXPRESS MASCARA BLACK,Maybelline,Mascara,45481,1160,1,0,1160,1160
4,Tamasha Dread,Angels,HAIR BRAIDS,45474,324.8,4,25.98,1299.2,1273.22
34,Garnier Pure Active Intensive Spots,Garnier,Face Cream,45501,13022.16,25,0,325554,325554
18,MAYBELLINE FIT ME POWDER 340 CAPPUCCINO ,Maybelline,Powder,45499,1082.28,15,0,16234.2,16234.2
17,MAYBELLINE FIT ME POWDER 330 TOFFEE ,Maybelline,Powder,45485,1082.28,18,0,19481.04,19481.04
30,MAYBELLINE COLOR SENSATIONAL VIVID HOT LACQUER 70 SO HOT,Maybelline,Lip Gloss,45492,1160,2,0,2320,2320
2,Darling Fluffy Kinky,Darling,HAIR BRAIDS,45492,406,19,154.28,7714,7559.72
6,Baby Love Anti-dandruffs,Bamsi,HAIR FOOD,45494,301.6,2,0,603.2,603.2
29,MAYBELLINE COLOR SENSATIONAL VIVID HOT LACQUER 68 SASSY,Maybelline,Lip Gloss,45503,1160,4,0,4640,4640
19,MAYBELLINE FIT ME CONCEALER 05 IVORY,Maybelline,Concealer,45486,928,5,0,4640,4640
24,MAYBELLINE EYE STUDIO GEL LINER BLACK  BLACK,Maybelline,Eye Liner,45489,696,20,278.4,13920,13641.6
36,L'Oreal Paris Age Perfect Day Cream 50Ml,L'Oreal,Face Cream,45503,9000.44,1,180.01,9000.44,8820.43
18,MAYBELLINE FIT ME POWDER 340 CAPPUCCINO ,Maybelline,Powder,45483,1082.28,22,0,23810.16,23810.16
4,Tamasha Dread,Angels,HAIR BRAIDS,45489,324.8,15,97.44,4872,4774.56
11,Amara body lotion coco butter,Amara,BODY LOTION,45482,232,7,32.48,1624,1591.52
13,Movit Curl Gel,Movit,HAIR GELS,45483,220.4,23,0,5069.2,5069.2
6,Baby Love Anti-dandruffs,Bamsi,HAIR FOOD,45477,301.6,5,0,1508,1508
9,Amara body lotion milk,Amara,BODY LOTION,45493,133.4,22,0,2934.8,2934.8
6,Baby Love Anti-dandruffs,Bamsi,HAIR FOOD,45495,301.6,4,0,1206.4,1206.4
17,MAYBELLINE FIT ME POWDER 330 TOFFEE ,Maybelline,Powder,45488,1082.28,9,194.81,9740.52,9545.71
6,Baby Love Anti-dandruffs,Bamsi,HAIR FOOD,45496,301.6,15,0,4524,4524
23,MAYBELLINE CRAYON KHOL COLOSSAL KAJAL SMOKY,Maybelline,Eye Liner,45488,928,16,0,14848,14848
28,MAYBELLINE BABY LIPS STRIKE A ROSE (ELECTRO),Maybelline,Lip balm,45495,290,5,0,1450,1450
37,L'Oreal Paris Age Perfect Eye Cream 15Ml,L'Oreal,Face Cream,45484,1199.44,25,599.72,29986,29386.28
8,Radiant Anti-dandruff,Radiant,HAIR FOOD,45485,92.8,19,35.26,1763.2,1727.94
41,L'Oreal Paris Pure Clay Detox Mask,L'Oreal,Face Cream,45490,6903.16,4,0,27612.64,27612.64
32,Garnier Micellar Cleansing Water 400 Ml,Garnier,Face Wash,45500,2262,14,633.36,31668,31034.64
11,Amara body lotion coco butter,Amara,BODY LOTION,45476,232,21,97.44,4872,4774.56
26,MAYBELLINE VOLUME EXPRESS MASCARA BLACK,Maybelline,Mascara,45495,1160,2,0,2320,2320
41,L'Oreal Paris Pure Clay Detox Mask,L'Oreal,Face Cream,45489,6903.16,6,0,41418.96,41418.96
36,L'Oreal Paris Age Perfect Day Cream 50Ml,L'Oreal,Face Cream,45496,9000.44,7,1260.06,63003.08,61743.02
37,L'Oreal Paris Age Perfect Eye Cream 15Ml,L'Oreal,Face Cream,45485,1199.44,19,455.79,22789.36,22333.57
32,Garnier Micellar Cleansing Water 400 Ml,Garnier,Face Wash,45490,2262,6,0,13572,13572
31,Garnier Even & Matte Soft Smoothing Toner 125 Ml,Garnier,Face Wash,45504,1218,4,97.44,4872,4774.56
41,L'Oreal Paris Pure Clay Detox Mask,L'Oreal,Face Cream,45480,6903.16,24,0,165675.84,165675.84
38,L'Oreal Paris Age Perfect Night Cream 50Ml,L'Oreal,Face Cream,45489,1199.44,10,0,11994.4,11994.4
26,MAYBELLINE VOLUME EXPRESS MASCARA BLACK,Maybelline,Mascara,45478,1160,14,324.8,16240,15915.2
18,MAYBELLINE FIT ME POWDER 340 CAPPUCCINO ,Maybelline,Powder,45484,1082.28,15,0,16234.2,16234.2
27,MAYBELLINE BABY LIPS BALM CHERRY ME,Maybelline,Lip balm,45499,290,1,0,290,290
27,MAYBELLINE BABY LIPS BALM CHERRY ME,Maybelline,Lip balm,45496,290,17,0,4930,4930
3,Angels Natural Locs,Angels,HAIR BRAIDS,45466,638,22,280.72,14036,13755.28
16,MAYBELLINE FIT ME MATTE AND PORELESS FOUNDATION,Maybelline,Foundation,45451,1082.28,8,173.16,8658.24,8485.08
30,MAYBELLINE COLOR SENSATIONAL VIVID HOT LACQUER 70 SO HOT,Maybelline,Lip Gloss,45447,1160,9,0,10440,10440
16,MAYBELLINE FIT ME MATTE AND PORELESS FOUNDATION,Maybelline,Foundation,45462,1082.28,6,0,6493.68,6493.68
28,MAYBELLINE BABY LIPS STRIKE A ROSE (ELECTRO),Maybelline,Lip balm,45445,290,5,29,1450,1421
31,Garnier Even & Matte Soft Smoothing Toner 125 Ml,Garnier,Face Wash,45473,1218,10,0,12180,12180
15,MAYBELLINE DREAM MATTE MOUSSE HAZELNUT,Maybelline,Foundation,45457,1160,20,464,23200,22736
38,L'Oreal Paris Age Perfect Night Cream 50Ml,L'Oreal,Face Cream,45444,1199.44,24,0,28786.56,28786.56
4,Tamasha Dread,Angels,HAIR BRAIDS,45456,324.8,8,0,2598.4,2598.4
26,MAYBELLINE VOLUME EXPRESS MASCARA BLACK,Maybelline,Mascara,45450,1160,21,0,24360,24360
11,Amara body lotion coco butter,Amara,BODY LOTION,45453,232,23,0,5336,5336
26,MAYBELLINE VOLUME EXPRESS MASCARA BLACK,Maybelline,Mascara,45463,1160,19,0,22040,22040
37,L'Oreal Paris Age Perfect Eye Cream 15Ml,L'Oreal,Face Cream,45454,1199.44,4,95.96,4797.76,4701.8
2,Darling Fluffy Kinky,Darling,HAIR BRAIDS,45455,406,20,0,8120,8120
31,Garnier Even & Matte Soft Smoothing Toner 125 Ml,Garnier,Face Wash,45471,1218,18,0,21924,21924
23,MAYBELLINE CRAYON KHOL COLOSSAL KAJAL SMOKY,Maybelline,Eye Liner,45472,928,6,111.36,5568,5456.64
29,MAYBELLINE COLOR SENSATIONAL VIVID HOT LACQUER 68 SASSY,Maybelline,Lip Gloss,45473,1160,12,278.4,13920,13641.6
37,L'Oreal Paris Age Perfect Eye Cream 15Ml,L'Oreal,Face Cream,45470,1199.44,3,0,3598.32,3598.32
33,Garnier oil control complete vanishing cream 40 ml,Garnier,Face Cream,45472,2400.04,19,0,45600.76,45600.76
24,MAYBELLINE EYE STUDIO GEL LINER BLACK  BLACK,Maybelline,Eye Liner,45451,696,21,0,14616,14616
22,MAYBELLINE MASTER STROBING STICK NU 200 MEDIUM,Maybelline,Highlighter,45466,1160,1,0,1160,1160
33,Garnier oil control complete vanishing cream 40 ml,Garnier,Face Cream,45473,2400.04,24,0,57600.96,57600.96
25,MAYBELLINE LASH SENSATIONAL MASCARA,Maybelline,Mascara,45471,928,21,389.76,19488,19098.24
26,MAYBELLINE VOLUME EXPRESS MASCARA BLACK,Maybelline,Mascara,45466,1160,3,0,3480,3480
26,MAYBELLINE VOLUME EXPRESS MASCARA BLACK,Maybelline,Mascara,45458,1160,4,0,4640,4640
9,Amara body lotion milk,Amara,BODY LOTION,45449,133.4,3,8,400.2,392.2
36,L'Oreal Paris Age Perfect Day Cream 50Ml,L'Oreal,Face Cream,45445,9000.44,25,4500.22,225011,220510.78
32,Garnier Micellar Cleansing Water 400 Ml,Garnier,Face Wash,45457,2262,21,950.04,47502,46551.96
8,Radiant Anti-dandruff,Radiant,HAIR FOOD,45450,92.8,7,0,649.6,649.6
15,MAYBELLINE DREAM MATTE MOUSSE HAZELNUT,Maybelline,Foundation,45458,1160,12,278.4,13920,13641.6
7,Bamsi Hair fertilizer,Bamsi,HAIR FOOD,45463,58,13,15.08,754,738.92
37,L'Oreal Paris Age Perfect Eye Cream 15Ml,L'Oreal,Face Cream,45449,1199.44,11,0,13193.84,13193.84
15,MAYBELLINE DREAM MATTE MOUSSE HAZELNUT,Maybelline,Foundation,45448,1160,6,139.2,6960,6820.8
14,Movit Styling Gel,Movit,HAIR GELS,45459,162.4,2,0,324.8,324.8
2,Darling Fluffy Kinky,Darling,HAIR BRAIDS,45459,406,7,0,2842,2842
6,Baby Love Anti-dandruffs,Bamsi,HAIR FOOD,45463,301.6,14,84.45,4222.4,4137.95
35,Garnier ven & matte soft smoothing 125 ml,Garnier,Face Cream,45454,392.08,16,125.47,6273.28,6147.81
23,MAYBELLINE CRAYON KHOL COLOSSAL KAJAL SMOKY,Maybelline,Eye Liner,45456,928,25,0,23200,23200
22,MAYBELLINE MASTER STROBING STICK NU 200 MEDIUM,Maybelline,Highlighter,45454,1160,4,0,4640,4640
7,Bamsi Hair fertilizer,Bamsi,HAIR FOOD,45446,58,8,9.28,464,454.72
16,MAYBELLINE FIT ME MATTE AND PORELESS FOUNDATION,Maybelline,Foundation,45446,1082.28,15,324.68,16234.2,15909.52
10,Amara body lotion men,Amara,BODY LOTION,45454,232,10,46.4,2320,2273.6
38,L'Oreal Paris Age Perfect Night Cream 50Ml,L'Oreal,Face Cream,45444,1199.44,17,407.81,20390.48,19982.67
26,MAYBELLINE VOLUME EXPRESS MASCARA BLACK,Maybelline,Mascara,45467,1160,13,301.6,15080,14778.4
32,Garnier Micellar Cleansing Water 400 Ml,Garnier,Face Wash,45473,2262,20,0,45240,45240
33,Garnier oil control complete vanishing cream 40 ml,Garnier,Face Cream,45454,2400.04,17,816.01,40800.68,39984.67
4,Tamasha Dread,Angels,HAIR BRAIDS,45465,324.8,21,136.42,6820.8,6684.38
41,L'Oreal Paris Pure Clay Detox Mask,L'Oreal,Face Cream,45459,6903.16,14,1932.88,96644.24,94711.36
8,Radiant Anti-dandruff,Radiant,HAIR FOOD,45452,92.8,24,44.54,2227.2,2182.66
11,Amara body lotion coco butter,Amara,BODY LOTION,45453,232,11,0,2552,2552
22,MAYBELLINE MASTER STROBING STICK NU 200 MEDIUM,Maybelline,Highlighter,45365,1160,5,116,5800,5684
41,L'Oreal Paris Pure Clay Detox Mask,L'Oreal,Face Cream,45354,6903.16,2,276.13,13806.32,13530.19
18,MAYBELLINE FIT ME POWDER 340 CAPPUCCINO ,Maybelline,Powder,45368,1082.28,18,389.62,19481.04,19091.42
32,Garnier Micellar Cleansing Water 400 Ml,Garnier,Face Wash,45379,2262,16,0,36192,36192
35,Garnier ven & matte soft smoothing 125 ml,Garnier,Face Cream,45354,392.08,11,86.26,4312.88,4226.62
18,MAYBELLINE FIT ME POWDER 340 CAPPUCCINO ,Maybelline,Powder,45357,1082.28,1,0,1082.28,1082.28
23,MAYBELLINE CRAYON KHOL COLOSSAL KAJAL SMOKY,Maybelline,Eye Liner,45370,928,6,0,5568,5568
33,Garnier oil control complete vanishing cream 40 ml,Garnier,Face Cream,45370,2400.04,18,864.01,43200.72,42336.71
1,Angels Avis Long,Angels,HAIR BRAIDS,45368,81.2,21,34.1,1705.2,1671.1
36,L'Oreal Paris Age Perfect Day Cream 50Ml,L'Oreal,Face Cream,45356,9000.44,9,0,81003.96,81003.96
7,Bamsi Hair fertilizer,Bamsi,HAIR FOOD,45356,58,12,0,696,696
34,Garnier Pure Active Intensive Spots,Garnier,Face Cream,45354,13022.16,23,0,299509.68,299509.68
41,L'Oreal Paris Pure Clay Detox Mask,L'Oreal,Face Cream,45377,6903.16,19,0,131160.04,131160.04
7,Bamsi Hair fertilizer,Bamsi,HAIR FOOD,45373,58,13,0,754,754
10,Amara body lotion men,Amara,BODY LOTION,45370,232,18,83.52,4176,4092.48
35,Garnier ven & matte soft smoothing 125 ml,Garnier,Face Cream,45353,392.08,2,0,784.16,784.16
11,Amara body lotion coco butter,Amara,BODY LOTION,45363,232,17,0,3944,3944
31,Garnier Even & Matte Soft Smoothing Toner 125 Ml,Garnier,Face Wash,45370,1218,7,0,8526,8526
29,MAYBELLINE COLOR SENSATIONAL VIVID HOT LACQUER 68 SASSY,Maybelline,Lip Gloss,45359,1160,20,0,23200,23200
4,Tamasha Dread,Angels,HAIR BRAIDS,45378,324.8,2,12.99,649.6,636.61
26,MAYBELLINE VOLUME EXPRESS MASCARA BLACK,Maybelline,Mascara,45382,1160,2,46.4,2320,2273.6
11,Amara body lotion coco butter,Amara,BODY LOTION,45374,232,2,0,464,464
8,Radiant Anti-dandruff,Radiant,HAIR FOOD,45372,92.8,3,5.57,278.4,272.83
19,MAYBELLINE FIT ME CONCEALER 05 IVORY,Maybelline,Concealer,45373,928,23,426.88,21344,20917.12
32,Garnier Micellar Cleansing Water 400 Ml,Garnier,Face Wash,45363,2262,4,0,9048,9048
40,L'Oreal Paris Revitalift Day Cream 50Ml,L'Oreal,Face Cream,45357,2800.24,8,448.04,22401.92,21953.88
16,MAYBELLINE FIT ME MATTE AND PORELESS FOUNDATION,Maybelline,Foundation,45364,1082.28,9,194.81,9740.52,9545.71
21,MAYBELLINE MASTER CHROME METAL HIGHLIGHTER,Maybelline,Highlighter,45358,1082.28,5,0,5411.4,5411.4
4,Tamasha Dread,Angels,HAIR BRAIDS,45373,324.8,14,90.94,4547.2,4456.26
6,Baby Love Anti-dandruffs,Bamsi,HAIR FOOD,45353,301.6,12,72.38,3619.2,3546.82
2,Darling Fluffy Kinky,Darling,HAIR BRAIDS,45363,406,21,170.52,8526,8355.48
37,L'Oreal Paris Age Perfect Eye Cream 15Ml,L'Oreal,Face Cream,45371,1199.44,10,0,11994.4,11994.4
31,Garnier Even & Matte Soft Smoothing Toner 125 Ml,Garnier,Face Wash,45369,1218,24,584.64,29232,28647.36
17,MAYBELLINE FIT ME POWDER 330 TOFFEE ,Maybelline,Powder,45361,1082.28,16,346.33,17316.48,16970.15
6,Baby Love Anti-dandruffs,Bamsi,HAIR FOOD,45367,301.6,22,0,6635.2,6635.2
10,Amara body lotion men,Amara,BODY LOTION,45377,232,25,116,5800,5684
6,Baby Love Anti-dandruffs,Bamsi,HAIR FOOD,45360,301.6,13,0,3920.8,3920.8
4,Tamasha Dread,Angels,HAIR BRAIDS,45362,324.8,3,0,974.4,974.4
28,MAYBELLINE BABY LIPS STRIKE A ROSE (ELECTRO),Maybelline,Lip balm,45369,290,2,0,580,580
3,Angels Natural Locs,Angels,HAIR BRAIDS,45359,638,25,319,15950,15631
29,MAYBELLINE COLOR SENSATIONAL VIVID HOT LACQUER 68 SASSY,Maybelline,Lip Gloss,45379,1160,17,394.4,19720,19325.6
22,MAYBELLINE MASTER STROBING STICK NU 200 MEDIUM,Maybelline,Highlighter,45362,1160,5,0,5800,5800
13,Movit Curl Gel,Movit,HAIR GELS,45380,220.4,14,0,3085.6,3085.6
19,MAYBELLINE FIT ME CONCEALER 05 IVORY,Maybelline,Concealer,45363,928,16,0,14848,14848
29,MAYBELLINE COLOR SENSATIONAL VIVID HOT LACQUER 68 SASSY,Maybelline,Lip Gloss,45355,1160,11,255.2,12760,12504.8
1,Angels Avis Long,Angels,HAIR BRAIDS,45374,81.2,1,1.62,81.2,79.58
2,Darling Fluffy Kinky,Darling,HAIR BRAIDS,45369,406,14,113.68,5684,5570.32
40,L'Oreal Paris Revitalift Day Cream 50Ml,L'Oreal,Face Cream,45362,2800.24,17,0,47604.08,47604.08
36,L'Oreal Paris Age Perfect Day Cream 50Ml,L'Oreal,Face Cream,45356,9000.44,18,0,162007.92,162007.92
40,L'Oreal Paris Revitalift Day Cream 50Ml,L'Oreal,Face Cream,45381,2800.24,10,0,28002.4,28002.4
24,MAYBELLINE EYE STUDIO GEL LINER BLACK  BLACK,Maybelline,Eye Liner,45431,696,11,153.12,7656,7502.88
11,Amara body lotion coco butter,Amara,BODY LOTION,45422,232,13,60.32,3016,2955.68
14,Movit Styling Gel,Movit,HAIR GELS,45430,162.4,6,0,974.4,974.4
36,L'Oreal Paris Age Perfect Day Cream 50Ml,L'Oreal,Face Cream,45424,9000.44,10,0,90004.4,90004.4
41,L'Oreal Paris Pure Clay Detox Mask,L'Oreal,Face Cream,45434,6903.16,20,0,138063.2,138063.2
29,MAYBELLINE COLOR SENSATIONAL VIVID HOT LACQUER 68 SASSY,Maybelline,Lip Gloss,45434,1160,8,0,9280,9280
40,L'Oreal Paris Revitalift Day Cream 50Ml,L'Oreal,Face Cream,45440,2800.24,24,0,67205.76,67205.76
2,Darling Fluffy Kinky,Darling,HAIR BRAIDS,45425,406,9,73.08,3654,3580.92
8,Radiant Anti-dandruff,Radiant,HAIR FOOD,45429,92.8,23,0,2134.4,2134.4
2,Darling Fluffy Kinky,Darling,HAIR BRAIDS,45417,406,23,186.76,9338,9151.24
22,MAYBELLINE MASTER STROBING STICK NU 200 MEDIUM,Maybelline,Highlighter,45424,1160,9,208.8,10440,10231.2
30,MAYBELLINE COLOR SENSATIONAL VIVID HOT LACQUER 70 SO HOT,Maybelline,Lip Gloss,45427,1160,3,0,3480,3480
16,MAYBELLINE FIT ME MATTE AND PORELESS FOUNDATION,Maybelline,Foundation,45430,1082.28,14,0,15151.92,15151.92
13,Movit Curl Gel,Movit,HAIR GELS,45428,220.4,12,52.9,2644.8,2591.9
2,Darling Fluffy Kinky,Darling,HAIR BRAIDS,45437,406,11,0,4466,4466
17,MAYBELLINE FIT ME POWDER 330 TOFFEE ,Maybelline,Powder,45428,1082.28,9,0,9740.52,9740.52
4,Tamasha Dread,Angels,HAIR BRAIDS,45420,324.8,15,97.44,4872,4774.56
18,MAYBELLINE FIT ME POWDER 340 CAPPUCCINO ,Maybelline,Powder,45420,1082.28,19,0,20563.32,20563.32
26,MAYBELLINE VOLUME EXPRESS MASCARA BLACK,Maybelline,Mascara,45428,1160,21,487.2,24360,23872.8
15,MAYBELLINE DREAM MATTE MOUSSE HAZELNUT,Maybelline,Foundation,45429,1160,3,0,3480,3480
36,L'Oreal Paris Age Perfect Day Cream 50Ml,L'Oreal,Face Cream,45436,9000.44,18,3240.16,162007.92,158767.76
3,Angels Natural Locs,Angels,HAIR BRAIDS,45421,638,12,153.12,7656,7502.88
30,MAYBELLINE COLOR SENSATIONAL VIVID HOT LACQUER 70 SO HOT,Maybelline,Lip Gloss,45438,1160,22,510.4,25520,25009.6
18,MAYBELLINE FIT ME POWDER 340 CAPPUCCINO ,Maybelline,Powder,45417,1082.28,15,0,16234.2,16234.2
29,MAYBELLINE COLOR SENSATIONAL VIVID HOT LACQUER 68 SASSY,Maybelline,Lip Gloss,45443,1160,19,440.8,22040,21599.2
11,Amara body lotion coco butter,Amara,BODY LOTION,45418,232,8,0,1856,1856
2,Darling Fluffy Kinky,Darling,HAIR BRAIDS,45428,406,6,0,2436,2436
34,Garnier Pure Active Intensive Spots,Garnier,Face Cream,45419,13022.16,17,4427.53,221376.72,216949.19
8,Radiant Anti-dandruff,Radiant,HAIR FOOD,45414,92.8,13,24.13,1206.4,1182.27
29,MAYBELLINE COLOR SENSATIONAL VIVID HOT LACQUER 68 SASSY,Maybelline,Lip Gloss,45434,1160,14,0,16240,16240
11,Amara body lotion coco butter,Amara,BODY LOTION,45417,232,2,9.28,464,454.72
10,Amara body lotion men,Amara,BODY LOTION,45436,232,8,37.12,1856,1818.88
27,MAYBELLINE BABY LIPS BALM CHERRY ME,Maybelline,Lip balm,45441,290,11,0,3190,3190
20,MAYBELLINE FIT ME CONCEALER 30 CAFE,Maybelline,Concealer,45427,928,13,241.28,12064,11822.72
24,MAYBELLINE EYE STUDIO GEL LINER BLACK  BLACK,Maybelline,Eye Liner,45441,696,21,0,14616,14616
34,Garnier Pure Active Intensive Spots,Garnier,Face Cream,45442,13022.16,22,5729.75,286487.52,280757.77
15,MAYBELLINE DREAM MATTE MOUSSE HAZELNUT,Maybelline,Foundation,45426,1160,11,255.2,12760,12504.8
8,Radiant Anti-dandruff,Radiant,HAIR FOOD,45434,92.8,15,27.84,1392,1364.16
19,MAYBELLINE FIT ME CONCEALER 05 IVORY,Maybelline,Concealer,45429,928,4,74.24,3712,3637.76
27,MAYBELLINE BABY LIPS BALM CHERRY ME,Maybelline,Lip balm,45413,290,20,0,5800,5800
17,MAYBELLINE FIT ME POWDER 330 TOFFEE ,Maybelline,Powder,45438,1082.28,16,0,17316.48,17316.48
24,MAYBELLINE EYE STUDIO GEL LINER BLACK  BLACK,Maybelline,Eye Liner,45417,696,10,0,6960,6960
10,Amara body lotion men,Amara,BODY LOTION,45425,232,3,0,696,696
31,Garnier Even & Matte Soft Smoothing Toner 125 Ml,Garnier,Face Wash,45426,1218,14,0,17052,17052
27,MAYBELLINE BABY LIPS BALM CHERRY ME,Maybelline,Lip balm,45424,290,3,17.4,870,852.6
30,MAYBELLINE COLOR SENSATIONAL VIVID HOT LACQUER 70 SO HOT,Maybelline,Lip Gloss,45422,1160,12,278.4,13920,13641.6
32,Garnier Micellar Cleansing Water 400 Ml,Garnier,Face Wash,45442,2262,18,0,40716,40716
17,MAYBELLINE FIT ME POWDER 330 TOFFEE ,Maybelline,Powder,45419,1082.28,6,0,6493.68,6493.68
20,MAYBELLINE FIT ME CONCEALER 30 CAFE,Maybelline,Concealer,45434,928,15,0,13920,13920
9,Amara body lotion milk,Amara,BODY LOTION,45415,133.4,2,5.34,266.8,261.46
25,MAYBELLINE LASH SENSATIONAL MASCARA,Maybelline,Mascara,45603,928,23,426.88,21344,20917.12
23,MAYBELLINE CRAYON KHOL COLOSSAL KAJAL SMOKY,Maybelline,Eye Liner,45611,928,4,74.24,3712,3637.76
2,Darling Fluffy Kinky,Darling,HAIR BRAIDS,45608,406,24,194.88,9744,9549.12
3,Angels Natural Locs,Angels,HAIR BRAIDS,45597,638,7,89.32,4466,4376.68
16,MAYBELLINE FIT ME MATTE AND PORELESS FOUNDATION,Maybelline,Foundation,45625,1082.28,22,0,23810.16,23810.16
32,Garnier Micellar Cleansing Water 400 Ml,Garnier,Face Wash,45614,2262,25,0,56550,56550
33,Garnier oil control complete vanishing cream 40 ml,Garnier,Face Cream,45612,2400.04,6,288,14400.24,14112.24
9,Amara body lotion milk,Amara,BODY LOTION,45601,133.4,9,0,1200.6,1200.6
22,MAYBELLINE MASTER STROBING STICK NU 200 MEDIUM,Maybelline,Highlighter,45625,1160,3,0,3480,3480
24,MAYBELLINE EYE STUDIO GEL LINER BLACK  BLACK,Maybelline,Eye Liner,45603,696,12,167.04,8352,8184.96
34,Garnier Pure Active Intensive Spots,Garnier,Face Cream,45610,13022.16,25,0,325554,325554
2,Darling Fluffy Kinky,Darling,HAIR BRAIDS,45624,406,8,0,3248,3248
16,MAYBELLINE FIT ME MATTE AND PORELESS FOUNDATION,Maybelline,Foundation,45622,1082.28,25,541.14,27057,26515.86
16,MAYBELLINE FIT ME MATTE AND PORELESS FOUNDATION,Maybelline,Foundation,45604,1082.28,24,0,25974.72,25974.72
24,MAYBELLINE EYE STUDIO GEL LINER BLACK  BLACK,Maybelline,Eye Liner,45617,696,24,0,16704,16704
3,Angels Natural Locs,Angels,HAIR BRAIDS,45616,638,5,63.8,3190,3126.2
26,MAYBELLINE VOLUME EXPRESS MASCARA BLACK,Maybelline,Mascara,45612,1160,3,0,3480,3480
18,MAYBELLINE FIT ME POWDER 340 CAPPUCCINO ,Maybelline,Powder,45612,1082.28,11,0,11905.08,11905.08
10,Amara body lotion men,Amara,BODY LOTION,45625,232,18,0,4176,4176
35,Garnier ven & matte soft smoothing 125 ml,Garnier,Face Cream,45607,392.08,21,164.67,8233.68,8069.01
17,MAYBELLINE FIT ME POWDER 330 TOFFEE ,Maybelline,Powder,45626,1082.28,17,367.98,18398.76,18030.78
25,MAYBELLINE LASH SENSATIONAL MASCARA,Maybelline,Mascara,45606,928,12,222.72,11136,10913.28
7,Bamsi Hair fertilizer,Bamsi,HAIR FOOD,45621,58,2,0,116,116
2,Darling Fluffy Kinky,Darling,HAIR BRAIDS,45618,406,2,0,812,812
36,L'Oreal Paris Age Perfect Day Cream 50Ml,L'Oreal,Face Cream,45620,9000.44,2,0,18000.88,18000.88
14,Movit Styling Gel,Movit,HAIR GELS,45614,162.4,25,0,4060,4060
31,Garnier Even & Matte Soft Smoothing Toner 125 Ml,Garnier,Face Wash,45602,1218,24,0,29232,29232
14,Movit Styling Gel,Movit,HAIR GELS,45604,162.4,25,0,4060,4060
11,Amara body lotion coco butter,Amara,BODY LOTION,45597,232,22,0,5104,5104
32,Garnier Micellar Cleansing Water 400 Ml,Garnier,Face Wash,45617,2262,14,0,31668,31668
2,Darling Fluffy Kinky,Darling,HAIR BRAIDS,45626,406,13,0,5278,5278
22,MAYBELLINE MASTER STROBING STICK NU 200 MEDIUM,Maybelline,Highlighter,45598,1160,24,0,27840,27840
6,Baby Love Anti-dandruffs,Bamsi,HAIR FOOD,45598,301.6,18,0,5428.8,5428.8
8,Radiant Anti-dandruff,Radiant,HAIR FOOD,45618,92.8,14,0,1299.2,1299.2
37,L'Oreal Paris Age Perfect Eye Cream 15Ml,L'Oreal,Face Cream,45621,1199.44,10,0,11994.4,11994.4
33,Garnier oil control complete vanishing cream 40 ml,Garnier,Face Cream,45610,2400.04,10,0,24000.4,24000.4
2,Darling Fluffy Kinky,Darling,HAIR BRAIDS,45624,406,9,0,3654,3654
8,Radiant Anti-dandruff,Radiant,HAIR FOOD,45600,92.8,14,25.98,1299.2,1273.22
13,Movit Curl Gel,Movit,HAIR GELS,45621,220.4,12,52.9,2644.8,2591.9
20,MAYBELLINE FIT ME CONCEALER 30 CAFE,Maybelline,Concealer,45618,928,9,167.04,8352,8184.96
35,Garnier ven & matte soft smoothing 125 ml,Garnier,Face Cream,45619,392.08,23,0,9017.84,9017.84
3,Angels Natural Locs,Angels,HAIR BRAIDS,45603,638,7,89.32,4466,4376.68
4,Tamasha Dread,Angels,HAIR BRAIDS,45602,324.8,3,0,974.4,974.4
31,Garnier Even & Matte Soft Smoothing Toner 125 Ml,Garnier,Face Wash,45610,1218,24,584.64,29232,28647.36
6,Baby Love Anti-dandruffs,Bamsi,HAIR FOOD,45617,301.6,23,138.74,6936.8,6798.06
40,L'Oreal Paris Revitalift Day Cream 50Ml,L'Oreal,Face Cream,45597,2800.24,11,616.05,30802.64,30186.59
29,MAYBELLINE COLOR SENSATIONAL VIVID HOT LACQUER 68 SASSY,Maybelline,Lip Gloss,45623,1160,14,324.8,16240,15915.2
35,Garnier ven & matte soft smoothing 125 ml,Garnier,Face Cream,45616,392.08,23,0,9017.84,9017.84
30,MAYBELLINE COLOR SENSATIONAL VIVID HOT LACQUER 70 SO HOT,Maybelline,Lip Gloss,45621,1160,12,278.4,13920,13641.6
2,Darling Fluffy Kinky,Darling,HAIR BRAIDS,45606,406,10,81.2,4060,3978.8
11,Amara body lotion coco butter,Amara,BODY LOTION,45572,232,7,32.48,1624,1591.52
3,Angels Natural Locs,Angels,HAIR BRAIDS,45596,638,9,0,5742,5742
9,Amara body lotion milk,Amara,BODY LOTION,45578,133.4,25,0,3335,3335
23,MAYBELLINE CRAYON KHOL COLOSSAL KAJAL SMOKY,Maybelline,Eye Liner,45576,928,21,389.76,19488,19098.24
4,Tamasha Dread,Angels,HAIR BRAIDS,45580,324.8,13,0,4222.4,4222.4
14,Movit Styling Gel,Movit,HAIR GELS,45569,162.4,14,45.47,2273.6,2228.13
9,Amara body lotion milk,Amara,BODY LOTION,45575,133.4,16,42.69,2134.4,2091.71
27,MAYBELLINE BABY LIPS BALM CHERRY ME,Maybelline,Lip balm,45581,290,24,139.2,6960,6820.8
6,Baby Love Anti-dandruffs,Bamsi,HAIR FOOD,45568,301.6,23,138.74,6936.8,6798.06
3,Angels Natural Locs,Angels,HAIR BRAIDS,45581,638,3,0,1914,1914
9,Amara body lotion milk,Amara,BODY LOTION,45567,133.4,3,0,400.2,400.2
24,MAYBELLINE EYE STUDIO GEL LINER BLACK  BLACK,Maybelline,Eye Liner,45572,696,14,194.88,9744,9549.12
19,MAYBELLINE FIT ME CONCEALER 05 IVORY,Maybelline,Concealer,45570,928,3,55.68,2784,2728.32
40,L'Oreal Paris Revitalift Day Cream 50Ml,L'Oreal,Face Cream,45588,2800.24,24,1344.12,67205.76,65861.64
31,Garnier Even & Matte Soft Smoothing Toner 125 Ml,Garnier,Face Wash,45581,1218,18,438.48,21924,21485.52
37,L'Oreal Paris Age Perfect Eye Cream 15Ml,L'Oreal,Face Cream,45568,1199.44,6,0,7196.64,7196.64
30,MAYBELLINE COLOR SENSATIONAL VIVID HOT LACQUER 70 SO HOT,Maybelline,Lip Gloss,45570,1160,25,580,29000,28420
40,L'Oreal Paris Revitalift Day Cream 50Ml,L'Oreal,Face Cream,45566,2800.24,8,448.04,22401.92,21953.88
24,MAYBELLINE EYE STUDIO GEL LINER BLACK  BLACK,Maybelline,Eye Liner,45586,696,25,0,17400,17400
25,MAYBELLINE LASH SENSATIONAL MASCARA,Maybelline,Mascara,45580,928,11,0,10208,10208
28,MAYBELLINE BABY LIPS STRIKE A ROSE (ELECTRO),Maybelline,Lip balm,45586,290,15,0,4350,4350
29,MAYBELLINE COLOR SENSATIONAL VIVID HOT LACQUER 68 SASSY,Maybelline,Lip Gloss,45567,1160,17,0,19720,19720
15,MAYBELLINE DREAM MATTE MOUSSE HAZELNUT,Maybelline,Foundation,45570,1160,10,232,11600,11368
10,Amara body lotion men,Amara,BODY LOTION,45574,232,7,32.48,1624,1591.52
35,Garnier ven & matte soft smoothing 125 ml,Garnier,Face Cream,45590,392.08,14,0,5489.12,5489.12
36,L'Oreal Paris Age Perfect Day Cream 50Ml,L'Oreal,Face Cream,45579,9000.44,18,0,162007.92,162007.92
37,L'Oreal Paris Age Perfect Eye Cream 15Ml,L'Oreal,Face Cream,45586,1199.44,10,239.89,11994.4,11754.51
30,MAYBELLINE COLOR SENSATIONAL VIVID HOT LACQUER 70 SO HOT,Maybelline,Lip Gloss,45590,1160,17,0,19720,19720
16,MAYBELLINE FIT ME MATTE AND PORELESS FOUNDATION,Maybelline,Foundation,45573,1082.28,13,281.39,14069.64,13788.25
2,Darling Fluffy Kinky,Darling,HAIR BRAIDS,45594,406,16,129.92,6496,6366.08
7,Bamsi Hair fertilizer,Bamsi,HAIR FOOD,45580,58,25,0,1450,1450
26,MAYBELLINE VOLUME EXPRESS MASCARA BLACK,Maybelline,Mascara,45594,1160,18,0,20880,20880
14,Movit Styling Gel,Movit,HAIR GELS,45567,162.4,8,0,1299.2,1299.2
6,Baby Love Anti-dandruffs,Bamsi,HAIR FOOD,45590,301.6,9,54.29,2714.4,2660.11
8,Radiant Anti-dandruff,Radiant,HAIR FOOD,45568,92.8,1,0,92.8,92.8
33,Garnier oil control complete vanishing cream 40 ml,Garnier,Face Cream,45569,2400.04,18,864.01,43200.72,42336.71
18,MAYBELLINE FIT ME POWDER 340 CAPPUCCINO ,Maybelline,Powder,45584,1082.28,6,0,6493.68,6493.68
17,MAYBELLINE FIT ME POWDER 330 TOFFEE ,Maybelline,Powder,45587,1082.28,20,0,21645.6,21645.6
10,Amara body lotion men,Amara,BODY LOTION,45587,232,18,83.52,4176,4092.48
21,MAYBELLINE MASTER CHROME METAL HIGHLIGHTER,Maybelline,Highlighter,45582,1082.28,12,259.75,12987.36,12727.61
14,Movit Styling Gel,Movit,HAIR GELS,45596,162.4,1,0,162.4,162.4
3,Angels Natural Locs,Angels,HAIR BRAIDS,45575,638,16,0,10208,10208
29,MAYBELLINE COLOR SENSATIONAL VIVID HOT LACQUER 68 SASSY,Maybelline,Lip Gloss,45589,1160,12,278.4,13920,13641.6
9,Amara body lotion milk,Amara,BODY LOTION,45579,133.4,12,0,1600.8,1600.8
23,MAYBELLINE CRAYON KHOL COLOSSAL KAJAL SMOKY,Maybelline,Eye Liner,45570,928,19,352.64,17632,17279.36
37,L'Oreal Paris Age Perfect Eye Cream 15Ml,L'Oreal,Face Cream,45594,1199.44,11,0,13193.84,13193.84
24,MAYBELLINE EYE STUDIO GEL LINER BLACK  BLACK,Maybelline,Eye Liner,45580,696,1,13.92,696,682.08
9,Amara body lotion milk,Amara,BODY LOTION,45572,133.4,6,16.01,800.4,784.39
10,Amara body lotion men,Amara,BODY LOTION,45589,232,25,116,5800,5684
10,Amara body lotion men,Amara,BODY LOTION,45583,232,18,83.52,4176,4092.48
1,Angels Avis Long,Angels,HAIR BRAIDS,,2024,2,0,4048,4048
2,Darling Fluffy Kinky,Darling,HAIR BRAIDS,,2024,7,0,14168,14168
3,Angels Natural Locs,Angels,HAIR BRAIDS,,2024,1,0,2024,2024
21,MAYBELLINE MASTER CHROME METAL HIGHLIGHTER,Maybelline,Highlighter,,2024,1,0,2024,2024
10,Amara body lotion men,Amara,BODY LOTION,,2024,8,0,16192,16192
18,MAYBELLINE FIT ME POWDER 340 CAPPUCCINO,Maybelline,Powder,,2024,2,0,4048,4048
31,Garnier Even & Matte Soft Smoothing Toner 125 Ml,Garnier,Face Wash,,2024,5,0,10120,10120
35,Garnier ven & matte soft smoothing 125 ml,Garnier,Face Cream,,2024,1,0,2024,2024
18,MAYBELLINE FIT ME POWDER 340 CAPPUCCINO,Maybelline,Powder,,2024,5,0,10120,10120
1,Angels Avis Long,Angels,HAIR BRAIDS,,2024,2,0,4048,4048
41,L'Oreal Paris Pure Clay Detox Mask,L'Oreal,Face Cream,,2024,5,500,10120,9620
4,Tamasha Dread,Angels,HAIR BRAIDS,45563,324.8,19,123.42,6171.2,6047.78
28,MAYBELLINE BABY LIPS STRIKE A ROSE (ELECTRO),Maybelline,Lip balm,45553,290,15,87,4350,4263
19,MAYBELLINE FIT ME CONCEALER 05 IVORY,Maybelline,Concealer,45548,928,10,0,9280,9280
7,Bamsi Hair fertilizer,Bamsi,HAIR FOOD,45546,58,20,0,1160,1160
18,MAYBELLINE FIT ME POWDER 340 CAPPUCCINO ,Maybelline,Powder,45536,1082.28,23,497.85,24892.44,24394.59
20,MAYBELLINE FIT ME CONCEALER 30 CAFE,Maybelline,Concealer,45537,928,3,0,2784,2784
13,Movit Curl Gel,Movit,HAIR GELS,45539,220.4,1,4.41,220.4,215.99
38,L'Oreal Paris Age Perfect Night Cream 50Ml,L'Oreal,Face Cream,45540,1199.44,9,215.9,10794.96,10579.06
17,MAYBELLINE FIT ME POWDER 330 TOFFEE ,Maybelline,Powder,45545,1082.28,15,0,16234.2,16234.2
35,Garnier ven & matte soft smoothing 125 ml,Garnier,Face Cream,45564,392.08,4,0,1568.32,1568.32
6,Baby Love Anti-dandruffs,Bamsi,HAIR FOOD,45563,301.6,1,0,301.6,301.6
6,Baby Love Anti-dandruffs,Bamsi,HAIR FOOD,45550,301.6,21,126.67,6333.6,6206.93
32,Garnier Micellar Cleansing Water 400 Ml,Garnier,Face Wash,45541,2262,19,0,42978,42978
31,Garnier Even & Matte Soft Smoothing Toner 125 Ml,Garnier,Face Wash,45537,1218,7,0,8526,8526
10,Amara body lotion men,Amara,BODY LOTION,45550,232,12,0,2784,2784
20,MAYBELLINE FIT ME CONCEALER 30 CAFE,Maybelline,Concealer,45543,928,24,445.44,22272,21826.56
23,MAYBELLINE CRAYON KHOL COLOSSAL KAJAL SMOKY,Maybelline,Eye Liner,45559,928,11,204.16,10208,10003.84
26,MAYBELLINE VOLUME EXPRESS MASCARA BLACK,Maybelline,Mascara,45537,1160,1,0,1160,1160
4,Tamasha Dread,Angels,HAIR BRAIDS,45559,324.8,4,0,1299.2,1299.2
23,MAYBELLINE CRAYON KHOL COLOSSAL KAJAL SMOKY,Maybelline,Eye Liner,45557,928,3,55.68,2784,2728.32
36,L'Oreal Paris Age Perfect Day Cream 50Ml,L'Oreal,Face Cream,45555,9000.44,16,2880.14,144007.04,141126.9
30,MAYBELLINE COLOR SENSATIONAL VIVID HOT LACQUER 70 SO HOT,Maybelline,Lip Gloss,45555,1160,14,324.8,16240,15915.2
22,MAYBELLINE MASTER STROBING STICK NU 200 MEDIUM,Maybelline,Highlighter,45550,1160,5,0,5800,5800
35,Garnier ven & matte soft smoothing 125 ml,Garnier,Face Cream,45545,392.08,9,70.57,3528.72,3458.15
15,MAYBELLINE DREAM MATTE MOUSSE HAZELNUT,Maybelline,Foundation,45556,1160,3,69.6,3480,3410.4
21,MAYBELLINE MASTER CHROME METAL HIGHLIGHTER,Maybelline,Highlighter,45546,1082.28,17,0,18398.76,18398.76
22,MAYBELLINE MASTER STROBING STICK NU 200 MEDIUM,Maybelline,Highlighter,45550,1160,19,440.8,22040,21599.2
1,Angels Avis Long,Angels,HAIR BRAIDS,45562,81.2,25,40.6,2030,1989.4
37,L'Oreal Paris Age Perfect Eye Cream 15Ml,L'Oreal,Face Cream,45547,1199.44,1,0,1199.44,1199.44
30,MAYBELLINE COLOR SENSATIONAL VIVID HOT LACQUER 70 SO HOT,Maybelline,Lip Gloss,45549,1160,18,417.6,20880,20462.4
26,MAYBELLINE VOLUME EXPRESS MASCARA BLACK,Maybelline,Mascara,45554,1160,20,464,23200,22736
31,Garnier Even & Matte Soft Smoothing Toner 125 Ml,Garnier,Face Wash,45549,1218,9,219.24,10962,10742.76
24,MAYBELLINE EYE STUDIO GEL LINER BLACK  BLACK,Maybelline,Eye Liner,45560,696,15,0,10440,10440
38,L'Oreal Paris Age Perfect Night Cream 50Ml,L'Oreal,Face Cream,45563,1199.44,14,0,16792.16,16792.16
17,MAYBELLINE FIT ME POWDER 330 TOFFEE ,Maybelline,Powder,45539,1082.28,11,0,11905.08,11905.08
14,Movit Styling Gel,Movit,HAIR GELS,45560,162.4,18,0,2923.2,2923.2
18,MAYBELLINE FIT ME POWDER 340 CAPPUCCINO ,Maybelline,Powder,45555,1082.28,23,497.85,24892.44,24394.59
14,Movit Styling Gel,Movit,HAIR GELS,45541,162.4,21,68.21,3410.4,3342.19
1,Angels Avis Long,Angels,HAIR BRAIDS,45549,81.2,6,0,487.2,487.2
36,L'Oreal Paris Age Perfect Day Cream 50Ml,L'Oreal,Face Cream,45538,9000.44,16,2880.14,144007.04,141126.9
24,MAYBELLINE EYE STUDIO GEL LINER BLACK  BLACK,Maybelline,Eye Liner,45545,696,11,153.12,7656,7502.88
24,MAYBELLINE EYE STUDIO GEL LINER BLACK  BLACK,Maybelline,Eye Liner,45558,696,25,0,17400,17400
28,MAYBELLINE BABY LIPS STRIKE A ROSE (ELECTRO),Maybelline,Lip balm,45558,290,5,0,1450,1450
14,Movit Styling Gel,Movit,HAIR GELS,45542,162.4,4,0,649.6,649.6
29,MAYBELLINE COLOR SENSATIONAL VIVID HOT LACQUER 68 SASSY,Maybelline,Lip Gloss,45564,1160,7,0,8120,8120
16,MAYBELLINE FIT ME MATTE AND PORELESS FOUNDATION,Maybelline,Foundation,45554,1082.28,10,0,10822.8,10822.8
27,MAYBELLINE BABY LIPS BALM CHERRY ME,Maybelline,Lip balm,45543,290,19,110.2,5510,5399.8
4,Tamasha Dread,Angels,HAIR BRAIDS,45545,324.8,24,155.9,7795.2,7639.3
10,Amara body lotion men,Amara,BODY LOTION,45551,232,18,0,4176,4176
9,Amara body lotion milk,Amara,BODY LOTION,45550,133.4,6,0,800.4,800.4
